Supplier_ID,Year,Financial_Stability_Score,Delivery_Performance_Score,Quality_Compliance_Score,Regulatory_Adherence_Score,Sustainability_Score,Past_Risk_Level,ERP_Transactions,Incidents_Count,MCDM_Score,Risk_Category
52,2025,0.43,0.87,0.8,0.78,0.37,0.46,422,3,0.66,Medium
24,2023,0.31,0.98,0.92,0.68,0.43,0.18,363,11,0.67,Medium
89,2021,0.67,0.64,0.52,0.99,0.46,0.09,495,18,0.66,Medium
55,2024,0.71,0.43,0.8,0.67,0.35,0.95,365,13,0.62,Medium
9,2022,0.37,0.81,0.72,0.65,0.65,0.03,255,16,0.62,Medium
36,2022,0.76,0.59,0.76,0.82,0.43,0.97,267,11,0.69,Medium
34,2022,0.93,0.76,0.96,0.64,0.44,0.05,345,15,0.8,High
82,2025,0.71,0.98,0.8,0.71,0.51,0.17,394,6,0.78,High
9,2021,0.44,0.4,0.91,0.88,0.81,0.77,310,9,0.63,Medium
41,2024,0.9,0.77,0.67,0.63,0.52,0.33,148,11,0.74,High
86,2023,0.69,0.63,0.99,0.94,0.81,0.24,447,6,0.78,High
27,2021,0.8,0.47,0.72,0.68,0.93,0.48,145,3,0.7,Medium
94,2025,0.47,0.65,0.88,0.69,0.35,0.29,135,1,0.62,Medium
42,2025,0.51,0.46,0.73,0.69,0.59,0.88,177,6,0.58,Medium
62,2021,0.49,0.79,0.5,0.74,0.51,0.16,460,8,0.61,Medium
62,2025,0.78,0.56,0.62,0.67,0.45,0.56,229,16,0.64,Medium
62,2021,0.48,0.55,0.85,0.88,0.4,1.0,236,16,0.62,Medium
2,2022,0.59,0.42,0.67,0.85,0.78,0.53,267,5,0.62,Medium
32,2024,0.36,0.62,0.62,0.92,0.63,0.98,444,15,0.59,Medium
16,2021,0.41,0.7,0.85,0.94,0.53,0.22,395,2,0.66,Medium
19,2024,0.75,0.5,0.85,0.75,0.96,0.14,490,17,0.73,High
23,2022,0.48,0.8,0.91,0.82,0.67,0.24,353,11,0.72,High
69,2025,0.92,0.51,0.64,0.88,0.89,0.86,103,0,0.75,High
24,2024,0.36,0.5,0.95,0.84,0.31,0.1,148,17,0.58,Medium
82,2022,0.78,0.79,0.61,0.88,0.47,0.33,453,7,0.73,High
7,2023,0.76,0.74,0.55,0.75,0.49,0.24,87,5,0.68,Medium
51,2023,0.6,0.61,0.82,0.87,0.9,0.23,353,18,0.72,High
4,2023,0.84,0.43,1.0,0.79,0.5,0.88,429,8,0.73,High
37,2025,0.6,0.98,0.98,0.94,0.51,0.39,210,2,0.81,High
18,2021,0.58,0.91,0.97,0.63,0.45,0.67,200,1,0.74,High
27,2022,0.91,0.84,0.85,0.88,0.55,0.29,296,2,0.84,High
50,2021,0.73,0.45,0.5,0.85,0.44,0.07,449,13,0.6,Medium
76,2023,0.54,0.63,0.55,0.83,0.33,0.47,112,16,0.59,Medium
52,2022,0.88,0.62,0.56,0.81,0.84,0.22,54,6,0.74,High
68,2025,0.44,0.65,0.85,0.66,0.39,0.97,155,18,0.6,Medium
17,2023,0.61,0.45,0.51,0.99,0.89,0.7,178,0,0.63,Medium
34,2021,0.76,0.57,0.98,0.9,0.69,0.61,296,2,0.77,High
76,2022,0.55,0.85,0.51,0.65,0.33,0.04,287,19,0.61,Medium
69,2024,0.31,0.86,0.9,0.74,0.63,0.65,299,9,0.66,Medium
69,2024,0.33,0.62,0.81,0.8,0.9,0.66,53,15,0.63,Medium
24,2022,0.32,0.75,0.97,0.83,0.57,0.64,466,18,0.66,Medium
43,2025,0.74,0.89,0.83,0.68,0.49,0.21,351,1,0.76,High
35,2021,0.76,0.63,0.84,0.74,0.48,0.5,363,17,0.71,High
75,2025,0.33,0.65,0.98,0.82,0.6,0.57,276,16,0.64,Medium
99,2024,0.56,0.87,0.67,0.97,0.9,0.43,62,2,0.76,High
30,2021,0.67,0.7,0.69,0.72,0.37,0.05,494,8,0.66,Medium
19,2024,0.55,0.97,0.84,0.79,0.65,0.08,118,2,0.76,High
12,2021,0.69,0.53,0.97,0.91,0.38,0.93,235,6,0.71,High
14,2022,0.61,0.93,0.68,0.65,0.4,0.76,450,5,0.69,Medium
7,2025,0.46,0.64,0.95,0.66,0.66,0.23,185,15,0.65,Medium
65,2024,0.47,0.94,0.8,0.74,0.8,0.48,413,6,0.73,High
91,2022,0.93,0.47,0.75,0.6,0.63,0.06,366,8,0.7,Medium
39,2021,0.78,0.54,0.7,0.79,0.36,0.53,166,5,0.66,Medium
58,2024,0.98,0.73,0.66,0.62,0.95,0.92,213,2,0.8,High
19,2024,0.35,0.5,0.61,0.72,1.0,0.7,308,15,0.56,Medium
87,2021,0.94,0.98,0.53,0.76,0.37,0.34,171,3,0.78,High
90,2022,0.46,0.56,0.68,0.7,0.62,0.03,250,0,0.58,Medium
84,2025,0.78,0.5,0.96,0.93,0.96,0.73,352,1,0.79,High
10,2022,0.69,0.5,0.71,0.91,0.64,0.99,316,16,0.67,Medium
77,2021,0.63,0.65,0.64,0.62,0.91,0.81,400,4,0.66,Medium
3,2025,0.71,0.84,0.88,0.75,0.47,0.21,50,18,0.76,High
45,2025,0.45,0.93,0.88,0.62,0.49,0.02,299,1,0.69,Medium
54,2023,0.66,0.91,0.78,0.82,0.91,0.4,161,14,0.8,High
23,2025,0.73,0.82,0.61,0.65,0.31,0.35,147,17,0.67,Medium
30,2023,0.36,0.84,0.77,0.78,0.94,0.3,155,18,0.68,Medium
81,2025,0.86,0.68,0.92,0.91,0.35,0.05,311,1,0.78,High
77,2023,0.71,0.6,0.77,0.78,0.71,0.4,449,7,0.7,Medium
4,2024,0.54,0.94,0.74,0.87,0.42,0.19,452,4,0.72,High
82,2024,0.54,0.42,0.77,0.81,0.55,0.89,482,13,0.6,Medium
90,2025,0.53,0.46,0.74,0.88,0.66,0.16,97,16,0.62,Medium
26,2024,0.86,0.85,0.59,0.68,0.56,0.48,77,13,0.75,High
88,2022,0.82,0.42,0.63,0.89,0.93,0.51,288,12,0.7,Medium
18,2022,0.55,0.64,0.55,0.89,0.43,0.56,322,6,0.61,Medium
86,2022,0.67,0.54,0.67,0.79,0.55,0.65,195,14,0.64,Medium
100,2022,0.69,0.75,0.78,0.75,0.54,0.9,369,1,0.72,High
59,2023,0.99,0.76,0.62,0.64,0.41,0.25,53,10,0.75,High
62,2021,0.36,0.71,0.71,0.99,0.38,0.4,269,10,0.61,Medium
4,2021,0.64,0.83,0.91,0.89,0.67,0.48,222,11,0.78,High
5,2022,0.53,0.66,0.75,0.7,0.38,0.61,369,5,0.62,Medium
37,2023,0.95,0.59,0.8,0.75,0.62,0.55,187,11,0.77,High
2,2025,0.78,0.45,0.57,0.6,0.38,0.47,87,2,0.59,Medium
94,2021,0.9,0.85,0.7,0.97,0.99,0.21,84,0,0.87,High
40,2024,0.89,0.48,0.9,0.68,0.41,0.16,54,18,0.71,High
78,2022,0.94,0.59,0.79,0.87,0.62,0.71,337,18,0.78,High
38,2021,0.82,0.7,0.62,0.96,0.57,0.54,153,7,0.75,High
51,2023,0.6,0.6,0.87,0.88,0.42,0.88,338,19,0.68,Medium
94,2023,0.85,0.49,0.66,0.7,0.82,0.03,135,1,0.7,Medium
10,2025,0.91,0.61,0.91,0.64,0.89,0.13,233,14,0.79,High
29,2025,0.64,0.65,0.89,0.6,0.72,0.57,331,10,0.69,Medium
27,2025,0.88,0.98,0.67,0.69,0.6,0.29,412,11,0.81,High
90,2025,0.4,0.46,0.63,0.89,0.72,0.1,373,4,0.57,Medium
37,2022,0.84,0.62,0.53,0.63,0.37,0.84,316,0,0.64,Medium
46,2025,0.99,0.9,0.56,0.97,0.91,0.52,473,14,0.87,High
21,2021,0.82,0.52,0.89,0.84,0.38,0.41,139,10,0.72,High
38,2022,0.63,0.69,0.96,0.83,0.32,0.91,231,6,0.71,High
52,2025,0.94,0.62,0.79,0.85,0.31,0.66,386,19,0.75,High
49,2024,0.59,0.45,1.0,0.8,0.72,0.07,264,18,0.68,Medium
56,2023,0.54,0.68,0.81,0.75,0.89,0.59,306,13,0.7,Medium
47,2022,0.67,0.66,0.7,0.82,0.41,0.18,462,6,0.67,Medium
3,2022,0.49,0.79,0.7,0.61,0.41,0.72,398,7,0.62,Medium
65,2021,0.46,0.54,0.84,0.61,0.37,0.8,116,18,0.57,Medium
97,2024,0.47,0.46,0.62,0.89,0.9,0.83,214,13,0.6,Medium
95,2022,0.31,0.45,0.6,0.61,0.43,0.58,237,17,0.46,Medium
2,2021,0.87,0.61,0.63,0.75,0.71,0.27,310,4,0.72,High
38,2021,0.61,0.58,0.97,0.91,0.4,0.87,169,13,0.7,Medium
87,2021,0.64,0.71,0.87,0.88,0.58,0.22,327,10,0.73,High
4,2022,0.67,0.5,0.64,0.61,0.94,0.12,405,8,0.64,Medium
38,2022,0.69,0.79,0.91,0.68,0.31,0.14,362,5,0.72,High
91,2022,0.72,0.8,0.59,0.97,0.59,0.38,171,13,0.74,High
64,2022,0.42,0.84,0.54,0.84,0.47,0.39,345,10,0.62,Medium
36,2021,0.81,0.77,0.97,0.76,0.97,0.14,361,0,0.84,High
36,2024,0.41,0.9,0.92,0.98,0.41,0.62,499,8,0.72,High
73,2021,0.59,0.82,0.8,0.78,0.35,0.08,157,11,0.69,Medium
51,2022,0.37,0.59,0.9,0.98,0.85,0.69,352,11,0.67,Medium
62,2023,0.81,0.88,0.83,0.88,0.89,0.25,138,11,0.85,High
15,2023,0.99,0.97,0.52,0.88,0.95,0.18,135,6,0.87,High
14,2025,0.81,0.52,0.56,0.77,0.86,0.75,421,6,0.69,Medium
99,2022,0.67,0.79,0.83,0.75,0.69,0.48,180,4,0.75,High
43,2022,0.81,0.44,0.66,0.82,0.85,0.32,259,0,0.69,Medium
16,2025,0.73,0.54,0.51,0.95,0.31,0.87,190,17,0.63,Medium
32,2023,0.35,0.41,0.53,0.64,0.33,0.48,321,11,0.44,Medium
10,2021,0.54,0.71,0.87,0.6,0.63,0.3,373,17,0.67,Medium
62,2025,0.33,0.41,0.99,0.77,0.57,0.68,189,4,0.57,Medium
61,2025,0.36,0.65,0.94,0.98,0.63,0.61,202,6,0.67,Medium
52,2024,0.46,0.97,0.82,0.84,0.66,0.23,275,8,0.74,High
3,2025,0.34,0.98,0.94,0.97,1.0,0.17,468,17,0.78,High
82,2021,0.41,0.89,0.61,0.69,0.68,0.59,447,4,0.64,Medium
98,2023,0.91,0.56,0.56,0.96,0.97,0.86,58,14,0.77,High
40,2021,0.69,0.45,0.7,0.75,0.48,0.72,139,17,0.62,Medium
70,2025,0.45,0.81,0.54,0.94,0.65,0.48,398,18,0.65,Medium
58,2023,0.54,0.81,0.78,0.71,0.92,0.8,217,0,0.72,High
59,2023,0.41,0.6,0.62,0.97,0.37,0.7,237,6,0.58,Medium
5,2023,0.97,0.68,0.94,0.6,0.87,0.23,88,17,0.83,High
100,2022,0.88,0.7,0.5,0.71,0.73,0.98,66,7,0.72,High
95,2022,0.74,0.72,0.89,0.64,0.83,0.54,273,1,0.76,High
63,2024,0.74,0.96,0.55,0.97,0.78,0.07,268,16,0.8,High
12,2021,0.71,0.61,0.81,0.62,0.91,0.97,334,11,0.71,High
36,2023,0.39,0.85,0.51,0.61,0.53,0.49,484,10,0.58,Medium
58,2022,0.41,0.68,0.97,0.64,0.9,0.53,334,10,0.67,Medium
32,2022,0.84,0.54,0.57,0.95,0.97,0.03,70,14,0.74,High
80,2025,0.75,0.64,0.64,0.99,0.59,0.89,64,1,0.72,High
61,2023,0.32,0.79,0.68,0.95,0.63,0.97,479,16,0.64,Medium
93,2025,0.41,0.67,0.77,0.61,0.86,0.29,73,2,0.62,Medium
20,2021,0.3,0.76,0.8,0.7,0.69,0.23,493,1,0.61,Medium
88,2023,0.99,0.49,0.73,0.87,0.58,0.97,215,10,0.75,High
45,2021,0.9,0.87,0.52,0.79,0.37,0.24,426,13,0.75,High
32,2024,0.79,0.74,0.5,0.73,0.66,0.09,463,0,0.7,Medium
77,2024,0.55,0.59,0.99,0.68,0.79,0.82,155,11,0.69,Medium
49,2023,0.39,0.94,0.8,0.85,0.73,0.3,253,7,0.71,High
72,2022,0.74,0.87,0.81,0.79,0.76,0.55,439,2,0.8,High
41,2024,0.81,0.45,0.53,0.7,0.41,0.87,171,18,0.61,Medium
55,2024,0.82,0.92,0.72,0.62,0.41,0.02,260,4,0.75,High
96,2021,0.65,0.45,0.7,0.69,0.59,0.2,440,11,0.61,Medium
49,2025,0.81,0.85,0.71,0.74,0.56,0.99,201,17,0.76,High
49,2023,0.71,0.66,0.86,0.79,0.91,0.9,311,6,0.76,High
42,2023,0.71,0.95,0.61,0.85,0.74,0.73,404,7,0.77,High
100,2022,0.47,0.98,0.59,0.94,0.64,0.25,365,14,0.71,High
14,2021,0.76,0.46,0.83,0.72,0.58,0.86,310,0,0.68,Medium
40,2024,0.39,0.98,0.73,0.69,0.35,0.17,142,9,0.65,Medium
76,2021,0.6,0.55,0.81,0.88,0.42,0.17,170,10,0.65,Medium
37,2025,0.67,0.87,0.85,0.78,0.9,0.56,300,19,0.8,High
78,2022,0.39,0.54,0.53,0.86,0.46,0.18,108,4,0.53,Medium
33,2021,0.71,0.81,0.7,0.79,0.78,0.02,266,17,0.75,High
29,2021,0.71,0.55,0.76,0.74,0.67,0.13,175,12,0.68,Medium
52,2022,0.44,0.8,0.98,0.64,0.77,0.44,54,14,0.7,Medium
86,2022,0.76,0.99,0.69,0.61,0.47,0.83,352,7,0.75,High
76,2023,0.95,0.81,0.84,0.69,0.76,0.39,118,8,0.84,High
90,2024,0.41,0.76,0.66,0.95,1.0,0.75,294,12,0.69,Medium
31,2021,0.38,0.79,0.88,0.97,0.61,0.9,446,8,0.69,Medium
23,2023,0.91,0.63,0.65,0.86,0.53,0.63,248,14,0.74,High
21,2023,0.57,0.67,0.62,0.75,0.46,0.07,404,7,0.62,Medium
78,2022,0.83,0.7,0.77,0.98,0.89,0.91,270,11,0.81,High
5,2022,0.67,0.55,0.74,0.76,0.68,0.75,413,10,0.67,Medium
21,2023,0.31,0.79,0.95,0.7,0.95,0.06,326,12,0.68,Medium
86,2023,0.37,0.69,0.63,0.71,0.52,0.8,340,7,0.57,Medium
16,2022,0.73,0.83,0.64,0.77,0.39,0.18,400,11,0.71,High
74,2025,0.43,0.58,0.9,0.67,0.94,0.42,423,6,0.65,Medium
54,2021,0.56,0.72,0.56,0.6,0.75,0.52,269,8,0.62,Medium
26,2021,0.75,0.5,0.68,0.96,0.84,0.56,396,4,0.71,High
68,2022,0.81,0.91,0.84,0.92,0.84,0.15,488,17,0.86,High
69,2021,0.82,0.92,0.61,0.64,0.32,0.64,209,10,0.73,High
10,2021,0.57,0.76,0.75,1.0,0.4,0.7,372,9,0.7,Medium
39,2021,0.78,0.99,0.56,0.64,0.81,0.58,216,12,0.77,High
36,2025,0.93,0.52,0.66,0.69,0.55,0.07,98,1,0.7,Medium
60,2025,0.35,0.78,0.64,0.84,0.78,0.23,107,2,0.63,Medium
86,2022,1.0,0.8,0.78,0.89,0.63,0.06,349,3,0.85,High
69,2025,0.74,0.85,0.59,0.76,0.6,0.82,61,16,0.73,High
16,2024,0.99,0.68,0.69,0.65,0.98,0.02,409,11,0.8,High
65,2021,0.77,0.46,0.63,0.92,0.91,0.61,87,19,0.7,Medium
98,2025,0.33,0.58,0.63,0.74,0.36,0.94,498,10,0.52,Medium
67,2024,0.5,0.97,0.94,0.66,0.85,0.57,365,4,0.76,High
12,2021,0.38,0.89,0.69,0.95,0.91,0.81,385,6,0.71,High
52,2021,0.53,0.41,0.58,0.69,0.97,0.57,315,1,0.58,Medium
25,2025,0.9,0.95,0.74,0.84,0.84,0.17,436,2,0.87,High
41,2021,0.77,0.47,0.74,0.8,0.46,0.08,61,12,0.66,Medium
31,2024,0.61,0.46,0.82,0.69,0.73,0.65,336,18,0.64,Medium
5,2023,0.43,0.53,0.74,0.9,0.73,0.3,132,8,0.62,Medium
99,2025,0.38,0.58,0.55,0.88,0.34,0.51,152,7,0.54,Medium
17,2025,0.73,0.58,0.81,0.81,0.6,0.13,165,2,0.71,High
7,2023,0.59,0.9,0.87,0.91,0.31,0.42,268,5,0.74,High
79,2025,0.83,0.48,0.77,0.69,0.31,0.24,262,17,0.66,Medium
45,2024,0.56,0.56,0.82,0.8,0.49,0.15,245,1,0.64,Medium
52,2024,0.76,0.89,0.81,0.94,0.57,0.96,162,8,0.81,High
64,2021,0.76,0.97,0.9,0.63,0.5,0.93,493,7,0.8,High
21,2024,0.75,0.8,0.95,0.85,0.73,0.07,393,12,0.82,High
83,2025,0.82,0.71,0.84,0.62,0.36,0.72,158,18,0.72,High
24,2023,0.31,0.97,0.87,0.74,0.51,0.35,448,18,0.67,Medium
7,2023,0.43,0.5,0.55,0.86,0.84,0.27,87,14,0.58,Medium
96,2024,0.93,0.87,0.61,0.99,0.77,0.01,341,3,0.84,High
78,2021,0.75,0.72,0.52,0.99,0.86,0.29,307,12,0.74,High
53,2024,0.41,0.43,0.56,0.84,0.37,0.38,383,17,0.51,Medium
22,2024,0.47,0.47,0.6,0.95,0.75,0.29,81,6,0.6,Medium
12,2021,0.68,0.78,0.61,0.99,0.82,0.56,200,11,0.75,High
96,2023,0.52,0.85,0.63,0.82,0.81,0.11,262,14,0.7,Medium
52,2023,0.98,0.69,0.58,0.74,0.59,0.76,402,2,0.75,High
63,2023,0.41,0.46,0.79,0.95,0.6,0.16,235,15,0.6,Medium
72,2021,0.82,0.93,0.64,0.68,0.92,0.66,59,13,0.8,High
91,2023,0.78,0.63,0.77,0.81,0.89,0.84,61,16,0.76,High
78,2021,0.97,0.62,0.66,0.66,0.51,0.88,150,3,0.73,High
4,2024,0.85,0.53,0.57,0.87,0.3,0.18,251,5,0.66,Medium
46,2024,0.43,0.63,0.7,0.95,0.66,0.72,278,15,0.64,Medium
58,2024,0.69,0.76,0.84,0.92,0.49,0.83,354,13,0.75,High
83,2025,0.82,0.99,0.6,0.93,0.66,0.37,399,16,0.82,High
55,2021,0.36,0.53,0.8,0.89,1.0,0.93,350,0,0.63,Medium
17,2024,0.65,0.51,0.84,1.0,0.82,0.74,139,15,0.72,High
69,2021,0.7,0.99,0.58,0.88,0.71,0.59,247,16,0.78,High
51,2025,0.34,0.91,0.61,0.75,0.62,0.48,454,9,0.63,Medium
64,2025,0.79,0.78,0.52,0.96,0.94,0.78,149,5,0.77,High
41,2024,0.39,0.64,0.96,0.79,0.31,0.28,155,6,0.62,Medium
35,2024,0.85,0.98,0.69,0.77,0.89,0.27,378,12,0.84,High
100,2023,0.34,0.94,0.57,0.81,0.59,0.35,176,14,0.63,Medium
82,2023,0.97,0.74,0.97,0.62,0.59,0.26,362,4,0.82,High
58,2025,0.48,0.79,0.6,0.83,0.62,0.97,433,11,0.65,Medium
61,2021,0.32,0.83,0.71,0.64,0.78,0.55,201,1,0.62,Medium
28,2022,0.68,0.88,0.77,0.85,0.46,0.85,379,4,0.75,High
2,2021,0.77,0.68,0.71,0.86,0.68,0.06,473,5,0.74,High
60,2023,0.62,0.43,0.89,0.68,0.48,0.16,432,3,0.62,Medium
86,2025,0.76,0.5,0.63,0.98,0.69,0.75,418,1,0.7,Medium
25,2023,0.94,0.72,0.75,0.64,0.76,0.82,227,10,0.78,High
19,2025,0.98,0.52,0.76,0.71,0.85,0.58,134,7,0.77,High
55,2021,0.58,0.95,0.77,0.66,0.79,0.79,312,15,0.74,High
3,2025,0.93,0.57,0.99,0.66,0.44,0.18,150,15,0.76,High
4,2023,0.92,0.88,0.75,0.99,0.59,0.98,70,12,0.85,High
34,2024,1.0,0.99,0.83,0.65,0.78,0.09,245,19,0.89,High
34,2022,0.36,0.84,0.59,0.94,0.87,0.54,260,11,0.66,Medium
11,2022,0.88,0.68,0.68,0.8,0.88,0.34,326,0,0.78,High
85,2023,0.4,0.61,0.73,0.9,0.76,0.62,199,16,0.63,Medium
69,2024,0.63,0.99,0.82,0.65,0.77,0.33,473,14,0.78,High
39,2021,0.76,1.0,0.54,0.63,0.54,0.87,352,5,0.73,High
15,2025,0.32,0.58,0.83,0.98,0.91,0.77,404,12,0.64,Medium
79,2022,0.76,0.92,0.5,0.67,0.57,0.38,191,3,0.72,High
72,2023,0.59,0.88,0.74,0.61,0.6,0.03,151,15,0.7,Medium
83,2023,0.88,0.82,0.92,0.99,0.73,0.56,173,18,0.87,High
47,2024,0.38,0.82,0.77,0.64,0.47,0.01,425,19,0.62,Medium
89,2023,0.35,0.54,0.87,0.84,0.35,0.88,51,8,0.58,Medium
86,2021,0.99,0.78,0.77,0.94,0.5,0.43,316,13,0.84,High
50,2025,0.67,0.44,0.92,0.84,0.38,0.09,494,8,0.66,Medium
68,2023,0.88,0.93,0.79,0.81,0.6,0.32,125,13,0.84,High
47,2021,0.54,0.5,0.59,0.98,0.61,0.79,228,3,0.61,Medium
55,2024,0.37,0.63,0.74,0.86,0.97,0.6,488,8,0.64,Medium
1,2021,0.3,0.42,0.8,0.96,0.47,0.47,490,12,0.55,Medium
99,2023,0.61,0.68,0.8,0.81,0.9,0.05,185,10,0.72,High
20,2024,0.5,0.68,0.72,0.69,0.58,0.04,282,8,0.63,Medium
88,2025,0.5,0.89,0.77,0.95,0.7,0.03,241,10,0.74,High
19,2023,0.39,0.56,0.7,0.77,0.59,0.91,158,11,0.57,Medium
61,2021,0.88,0.97,0.91,0.6,0.75,0.05,480,16,0.85,High
47,2024,0.78,0.47,0.69,0.78,0.56,0.12,461,7,0.66,Medium
84,2021,0.35,0.45,0.68,0.98,0.77,0.68,499,18,0.58,Medium
75,2025,0.31,0.78,0.96,0.85,0.91,0.72,204,1,0.7,Medium
93,2023,0.67,0.49,0.51,0.77,0.51,0.49,350,14,0.59,Medium
90,2025,0.39,0.74,0.67,0.89,0.76,0.85,487,10,0.65,Medium
18,2024,0.77,0.57,0.65,0.92,0.61,0.8,244,11,0.7,Medium
79,2021,0.6,0.59,0.79,0.75,0.72,0.71,466,6,0.67,Medium
34,2024,0.6,0.49,0.95,0.74,0.41,0.03,493,17,0.64,Medium
92,2023,0.54,0.44,0.7,0.72,0.77,0.61,467,15,0.6,Medium
56,2024,0.69,0.46,0.58,0.99,0.46,0.98,116,10,0.63,Medium
45,2024,0.37,0.53,0.96,0.77,0.58,0.31,174,14,0.61,Medium
30,2022,0.93,0.47,0.98,0.73,0.92,0.6,250,16,0.79,High
29,2025,0.72,0.49,0.52,0.99,0.84,0.98,354,12,0.68,Medium
34,2025,0.83,0.9,0.72,0.72,0.48,0.19,390,13,0.77,High
21,2024,0.88,0.73,0.58,0.83,1.0,0.15,403,10,0.79,High
100,2023,0.85,0.84,0.65,0.73,0.85,0.46,390,7,0.79,High
28,2025,0.63,0.73,0.61,0.99,0.94,0.72,222,14,0.74,High
12,2025,0.82,0.73,0.53,0.87,0.63,0.03,119,16,0.73,High
19,2022,0.99,0.69,0.93,0.84,0.56,0.29,466,14,0.84,High
27,2023,0.94,0.62,0.86,0.96,0.62,0.44,224,14,0.82,High
4,2025,0.63,1.0,0.53,0.6,0.75,0.3,377,18,0.71,High
63,2023,0.61,0.71,0.81,0.97,0.31,0.48,398,10,0.7,Medium
67,2022,0.39,0.58,0.68,0.92,0.5,0.21,106,14,0.59,Medium
35,2023,0.44,1.0,0.54,0.6,0.33,0.34,86,0,0.61,Medium
15,2025,0.3,0.96,0.91,0.92,0.92,0.7,240,7,0.74,High
23,2021,0.81,0.57,0.84,0.61,0.51,0.55,447,12,0.7,Medium
45,2022,0.3,0.46,0.93,0.87,0.38,0.84,429,15,0.56,Medium
60,2022,0.35,0.64,0.65,0.69,0.5,0.8,169,6,0.55,Medium
53,2021,0.68,0.53,0.52,0.69,0.59,0.76,80,16,0.6,Medium
55,2022,0.71,0.77,0.54,0.87,0.47,0.71,102,14,0.69,Medium
22,2024,0.4,0.87,0.64,0.8,0.5,0.13,403,10,0.64,Medium
76,2021,0.52,0.4,0.76,0.62,0.49,0.71,392,17,0.55,Medium
8,2021,0.54,0.96,0.54,0.97,0.88,0.13,186,1,0.74,High
44,2024,0.85,0.94,0.72,0.96,0.56,0.96,470,16,0.83,High
58,2022,0.7,0.96,0.92,0.87,0.4,0.25,284,12,0.8,High
33,2024,0.39,0.81,0.97,0.71,0.63,0.63,342,9,0.68,Medium
17,2025,0.65,0.63,0.93,0.79,0.38,0.63,276,11,0.7,Medium
71,2021,0.43,0.73,0.71,0.89,0.56,0.87,359,0,0.64,Medium
100,2025,0.83,0.42,0.7,0.97,0.39,0.74,375,11,0.68,Medium
44,2025,0.78,0.68,0.79,0.63,0.33,0.67,98,9,0.69,Medium
53,2024,0.37,0.81,0.62,0.96,0.89,0.71,447,9,0.67,Medium
35,2021,0.82,0.6,0.95,0.71,0.81,0.88,427,5,0.77,High
65,2024,0.62,0.56,0.61,0.65,0.9,0.58,219,14,0.64,Medium
94,2021,0.38,0.56,0.51,0.72,0.84,0.52,293,11,0.55,Medium
16,2023,0.76,0.73,0.94,0.87,0.68,0.83,266,7,0.8,High
45,2023,0.51,0.44,0.61,0.7,0.64,0.75,477,3,0.55,Medium
90,2021,0.47,0.72,0.83,0.86,0.69,0.78,66,11,0.68,Medium
71,2022,0.93,0.91,0.66,0.71,0.99,0.53,117,14,0.84,High
95,2024,0.75,0.89,0.97,0.73,0.81,0.54,208,8,0.83,High
46,2022,0.78,0.96,0.75,0.69,0.33,0.42,471,1,0.76,High
15,2025,0.96,0.98,0.81,0.97,0.83,0.55,351,12,0.92,High
95,2023,0.42,0.67,0.6,0.62,0.89,0.98,382,17,0.6,Medium
11,2024,0.76,0.47,0.82,0.8,0.58,0.95,495,11,0.69,Medium
11,2025,0.61,0.76,0.54,0.85,0.99,0.19,420,1,0.71,High
17,2023,0.58,0.97,0.98,0.76,0.9,0.77,143,0,0.82,High
43,2021,0.41,0.74,0.89,0.8,0.31,0.01,150,9,0.64,Medium
43,2025,0.46,0.59,0.92,0.89,0.37,0.43,426,2,0.64,Medium
13,2025,0.38,0.57,0.7,0.97,1.0,0.04,142,6,0.64,Medium
67,2024,0.36,0.42,0.53,0.78,0.49,0.62,222,19,0.48,Medium
93,2024,0.7,0.65,0.92,0.96,0.91,0.97,392,9,0.79,High
59,2023,0.83,0.54,0.98,0.66,0.78,0.22,117,4,0.76,High
11,2023,0.6,0.6,0.92,0.66,0.6,0.9,203,7,0.67,Medium
5,2025,0.83,0.89,0.94,0.82,0.44,0.26,417,18,0.83,High
46,2024,0.75,0.62,0.65,0.95,0.62,0.1,332,7,0.71,High
63,2025,0.81,0.86,0.68,0.93,0.66,0.46,230,19,0.8,High
23,2025,0.33,0.48,0.88,0.6,0.59,0.52,406,9,0.54,Medium
40,2025,0.51,0.54,0.5,0.89,0.98,0.22,469,14,0.62,Medium
41,2025,0.83,0.77,0.95,0.93,0.48,0.27,234,15,0.82,High
47,2024,0.99,0.85,0.7,0.84,0.76,0.08,336,9,0.85,High
74,2023,0.49,0.71,0.63,0.85,0.64,0.36,97,19,0.64,Medium
25,2023,0.83,0.46,0.76,0.8,0.56,0.93,137,1,0.69,Medium
15,2023,0.86,0.47,0.56,0.94,0.54,0.03,218,8,0.68,Medium
13,2024,0.98,0.91,0.85,0.89,0.69,0.95,114,16,0.89,High
67,2022,0.41,0.87,0.87,0.75,0.32,0.84,127,0,0.66,Medium
14,2022,0.61,0.54,0.85,0.93,0.68,0.97,388,0,0.7,Medium
69,2023,0.64,0.47,0.98,0.89,0.97,0.23,92,9,0.74,High
89,2024,0.77,0.78,0.66,0.93,0.65,0.07,255,2,0.76,High
16,2023,0.74,0.55,0.58,0.67,0.31,0.39,438,11,0.61,Medium
17,2021,0.6,0.93,0.8,0.7,0.55,0.08,68,4,0.73,High
66,2024,0.99,0.87,0.87,0.65,0.85,0.79,297,19,0.87,High
29,2022,0.96,0.95,0.51,0.78,0.98,0.1,107,4,0.84,High
28,2021,0.82,0.82,0.71,0.74,0.58,0.26,315,1,0.76,High
89,2023,0.49,0.57,0.83,0.99,0.72,0.08,206,14,0.68,Medium
20,2023,0.6,0.82,0.73,0.64,0.69,0.64,455,2,0.7,Medium
6,2023,0.77,0.82,0.81,0.73,0.49,0.6,462,3,0.76,High
65,2023,0.37,0.49,0.97,0.89,0.92,0.2,327,3,0.65,Medium
98,2021,0.34,0.78,0.69,0.97,0.68,0.94,187,3,0.65,Medium
73,2025,0.73,0.84,0.61,0.87,0.65,0.74,227,2,0.75,High
85,2021,0.6,0.56,0.72,0.89,0.31,0.59,322,10,0.63,Medium
41,2022,0.79,0.52,0.83,0.93,0.34,0.91,112,0,0.71,High
69,2023,0.47,0.44,0.73,0.89,0.72,0.67,387,15,0.6,Medium
10,2022,0.86,0.89,0.97,0.82,0.44,0.62,370,13,0.84,High
8,2023,0.84,0.66,0.6,0.92,0.53,0.87,402,4,0.73,High
9,2022,0.85,0.67,0.82,0.7,0.79,0.43,469,17,0.77,High
37,2024,0.59,0.7,0.89,0.84,0.44,0.59,184,10,0.7,Medium
54,2024,0.45,0.57,0.86,0.6,0.59,0.92,390,15,0.6,Medium
29,2025,0.85,0.97,0.87,0.89,0.88,0.45,118,0,0.89,High
68,2024,0.47,0.71,0.77,0.74,0.55,0.83,202,12,0.64,Medium
55,2025,0.53,0.61,0.75,0.98,0.91,0.1,186,5,0.7,Medium
35,2021,0.9,0.81,0.92,0.94,0.82,0.44,263,8,0.88,High
29,2025,0.59,0.83,0.69,0.8,0.6,0.74,134,1,0.7,Medium
6,2024,0.66,0.5,0.54,0.61,0.42,0.89,171,9,0.56,Medium
36,2022,0.66,0.76,0.62,0.62,0.57,0.23,448,7,0.66,Medium
9,2021,0.6,0.72,0.85,0.88,0.42,0.5,190,0,0.7,Medium
34,2025,0.67,0.47,0.8,0.65,0.54,0.14,331,16,0.63,Medium
71,2025,0.57,0.94,0.6,0.8,0.59,0.02,66,10,0.7,Medium
25,2023,0.63,0.74,0.81,0.88,0.48,0.01,205,8,0.72,High
56,2021,0.63,0.92,0.6,0.65,0.5,0.53,462,18,0.69,Medium
19,2022,0.58,0.69,0.51,0.76,0.75,0.02,433,15,0.64,Medium
66,2024,0.43,0.85,0.92,0.82,0.99,0.45,382,12,0.75,High
79,2024,1.0,0.74,0.66,0.69,0.55,0.37,108,3,0.78,High
60,2024,0.33,0.61,0.96,0.75,0.88,0.84,442,1,0.64,Medium
61,2021,0.71,0.66,0.77,0.81,0.55,0.68,258,2,0.71,High
83,2024,0.82,0.5,0.6,0.96,0.82,0.91,264,2,0.72,High
21,2022,0.92,0.75,0.82,0.66,0.63,0.72,103,15,0.79,High
8,2023,0.43,0.76,0.93,0.95,0.81,0.75,385,16,0.73,High
90,2022,0.39,0.67,0.73,0.98,0.6,0.55,288,2,0.64,Medium
38,2023,0.75,0.59,0.63,0.68,0.79,0.22,405,6,0.68,Medium
22,2022,0.76,0.89,0.89,0.9,0.43,0.09,406,19,0.81,High
76,2021,0.6,0.42,0.63,0.61,0.92,0.24,54,13,0.59,Medium
50,2021,0.93,0.93,0.66,0.96,1.0,0.83,307,7,0.89,High
75,2021,0.7,0.44,0.55,1.0,0.53,0.75,110,9,0.63,Medium
67,2025,0.63,0.74,0.65,0.73,0.97,0.89,454,18,0.71,High
54,2023,0.31,0.45,0.66,0.61,0.31,0.92,482,3,0.46,Medium
32,2023,0.3,0.96,0.71,0.76,0.57,0.07,78,18,0.64,Medium
43,2022,0.8,0.63,0.61,0.84,0.95,0.93,232,4,0.74,High
63,2023,0.63,0.67,0.75,0.94,0.62,0.94,63,10,0.71,High
32,2023,0.88,0.62,0.93,0.64,0.95,0.63,392,8,0.8,High
59,2021,0.75,0.57,0.58,0.85,0.72,0.18,455,17,0.68,Medium
47,2021,0.89,0.5,0.51,0.91,0.73,0.7,317,7,0.7,Medium
20,2023,0.75,0.97,0.94,0.83,0.88,0.64,487,10,0.87,High
72,2024,0.55,0.43,0.52,0.77,0.36,0.61,165,15,0.53,Medium
46,2023,0.45,0.92,0.94,0.68,0.82,0.29,122,2,0.74,High
51,2024,0.45,0.81,0.8,0.85,0.96,0.78,415,19,0.72,High
53,2024,0.87,0.91,0.97,0.63,0.57,0.07,413,1,0.83,High
20,2022,0.49,0.46,0.58,0.66,0.98,0.76,345,7,0.57,Medium
40,2024,0.49,0.88,0.66,0.72,0.46,0.13,88,16,0.65,Medium
36,2025,0.51,0.99,0.59,0.96,0.84,0.08,393,1,0.75,High
31,2023,0.69,0.88,0.57,0.83,0.65,0.14,404,11,0.73,High
60,2021,0.61,0.99,0.7,0.89,0.5,0.36,327,12,0.75,High
89,2022,0.77,0.87,0.93,0.73,0.68,0.84,386,8,0.81,High
40,2024,0.31,0.71,0.74,0.86,0.69,0.69,493,6,0.62,Medium
99,2022,0.39,0.82,0.71,0.81,0.93,0.89,278,5,0.68,Medium
83,2025,0.71,0.69,0.82,0.69,0.69,0.37,209,5,0.72,High
63,2024,0.42,0.91,0.75,0.76,0.93,0.6,471,7,0.71,High
72,2021,0.85,0.55,0.97,0.96,0.54,0.73,398,4,0.78,High
62,2024,0.77,0.53,0.61,0.95,0.47,0.26,62,12,0.68,Medium
42,2022,0.34,0.63,0.62,0.71,0.69,0.2,457,7,0.56,Medium
91,2025,0.96,0.77,0.96,0.91,0.71,0.01,205,15,0.88,High
2,2022,0.66,0.82,0.97,0.75,0.8,0.48,220,15,0.79,High
55,2021,0.66,0.77,0.96,0.8,0.65,0.05,229,0,0.77,High
57,2024,0.95,1.0,0.9,0.9,0.45,0.34,189,0,0.9,High
78,2021,0.73,0.57,0.59,0.75,0.86,0.39,188,6,0.68,Medium
43,2021,0.45,0.73,0.93,0.93,0.95,0.37,151,4,0.74,High
64,2023,0.67,0.87,0.62,0.74,0.32,0.96,112,7,0.69,Medium
83,2024,0.72,0.79,0.6,0.72,0.73,0.6,293,3,0.71,High
86,2022,0.94,0.6,0.73,0.87,0.68,0.35,237,13,0.78,High
83,2022,0.49,0.49,0.66,0.94,0.36,0.99,146,11,0.58,Medium
72,2022,0.95,0.44,0.55,0.67,0.72,0.15,191,12,0.68,Medium
25,2022,0.43,0.4,0.53,0.96,0.75,0.27,260,2,0.55,Medium
24,2025,0.38,0.96,0.89,0.78,0.91,0.25,224,1,0.74,High
87,2022,0.93,0.95,0.66,0.88,0.49,0.19,207,2,0.83,High
21,2021,0.9,0.89,0.59,0.79,0.38,0.68,299,13,0.77,High
52,2021,0.42,0.47,0.77,0.96,0.54,0.73,140,17,0.6,Medium
21,2024,0.91,0.71,0.85,0.76,0.69,0.94,249,10,0.8,High
61,2025,0.37,0.45,0.68,0.64,0.71,0.23,108,15,0.53,Medium
2,2021,0.79,0.77,0.93,0.69,0.91,0.79,496,8,0.81,High
95,2022,0.6,0.61,0.53,0.62,0.78,0.46,89,4,0.61,Medium
1,2021,0.4,0.81,0.95,0.9,0.35,0.9,257,7,0.68,Medium
62,2021,0.53,0.53,0.54,0.79,0.64,0.84,415,13,0.58,Medium
72,2025,0.7,0.86,0.89,0.71,0.44,0.02,246,16,0.75,High
23,2021,0.72,0.96,0.66,0.7,0.76,0.62,437,16,0.77,High
14,2025,0.46,0.54,0.76,0.91,0.33,0.69,468,18,0.59,Medium
20,2024,0.78,0.96,0.52,0.73,0.61,0.9,99,0,0.75,High
99,2024,0.59,0.81,0.83,0.63,0.58,0.18,236,15,0.7,Medium
92,2024,0.59,0.5,0.94,0.82,0.46,0.5,220,8,0.66,Medium
45,2022,0.92,0.96,0.96,0.85,0.74,0.4,279,17,0.91,High
69,2025,0.6,0.84,0.91,0.66,0.88,0.54,171,13,0.76,High
4,2025,0.94,0.55,0.92,0.79,0.66,0.31,261,5,0.79,High
63,2023,0.88,0.83,0.85,0.73,0.46,0.21,465,5,0.8,High
35,2021,0.58,0.87,0.63,1.0,0.32,0.6,136,13,0.7,Medium
97,2022,0.38,0.96,0.59,0.85,0.46,0.31,305,1,0.65,Medium
25,2022,0.93,0.45,0.7,0.64,0.31,0.66,165,15,0.66,Medium
98,2022,0.46,0.41,0.92,0.99,0.39,0.23,113,1,0.61,Medium
76,2021,0.59,0.43,0.52,0.83,0.58,0.03,395,15,0.57,Medium
6,2021,0.85,0.58,0.52,0.84,0.58,0.97,179,14,0.69,Medium
72,2024,0.6,0.9,0.9,0.69,0.46,0.82,374,15,0.73,High
36,2024,0.34,0.78,0.64,0.71,0.53,0.66,229,4,0.58,Medium
29,2023,0.64,0.82,0.78,0.69,0.45,0.3,360,19,0.7,Medium
29,2024,0.81,0.61,0.7,0.65,0.42,0.83,79,12,0.68,Medium
19,2022,0.44,0.78,0.63,0.95,0.93,0.3,280,18,0.69,Medium
19,2024,0.77,0.9,0.84,0.93,0.58,0.16,175,10,0.82,High
37,2022,0.32,0.99,0.52,0.78,0.65,0.12,208,2,0.63,Medium
57,2025,0.91,0.57,0.73,0.85,0.59,0.43,365,16,0.75,High
96,2025,0.6,0.57,0.56,0.64,0.72,0.52,445,16,0.6,Medium
97,2023,0.99,0.58,0.61,0.91,0.48,0.87,157,18,0.75,High
26,2023,0.99,0.8,0.92,0.73,0.77,0.59,499,16,0.87,High
16,2022,0.7,0.66,0.64,0.91,0.46,0.69,345,0,0.69,Medium
77,2021,0.76,0.55,0.83,0.68,0.39,0.7,332,8,0.67,Medium
80,2022,0.43,0.76,0.71,0.65,0.32,0.62,275,15,0.59,Medium
20,2024,0.84,0.8,0.86,0.8,0.74,0.81,243,14,0.82,High
12,2025,0.7,0.74,0.75,0.63,0.36,0.6,447,1,0.68,Medium
58,2024,0.41,0.91,1.0,0.89,0.85,0.99,489,0,0.77,High
45,2024,0.73,0.75,0.63,0.9,0.36,0.92,198,7,0.7,Medium
78,2024,0.53,0.8,0.78,0.74,0.39,0.09,218,14,0.66,Medium
44,2022,0.52,0.94,0.82,0.72,0.51,0.89,294,2,0.71,High
17,2024,0.48,0.41,0.77,0.94,0.97,0.57,250,5,0.64,Medium
25,2022,0.72,0.63,0.62,0.64,0.52,0.1,124,6,0.65,Medium
54,2023,0.67,0.92,1.0,0.83,0.87,0.33,160,0,0.84,High
81,2022,0.77,0.81,0.66,0.65,0.74,0.13,413,11,0.74,High
84,2025,0.48,0.88,0.71,1.0,0.36,0.78,446,19,0.69,Medium
53,2025,0.89,0.52,0.56,0.99,0.38,0.48,348,12,0.7,Medium
28,2021,0.36,0.43,0.55,0.83,0.68,0.23,203,9,0.52,Medium
27,2023,0.33,0.7,0.84,0.7,0.52,0.61,114,2,0.6,Medium
72,2023,0.39,0.94,0.54,0.96,1.0,0.7,407,13,0.7,Medium
12,2023,0.96,0.72,0.87,0.97,0.98,0.83,103,19,0.89,High
4,2023,0.95,0.81,0.65,0.75,0.69,0.79,77,10,0.8,High
57,2022,0.87,0.68,0.54,0.67,0.34,0.5,257,13,0.67,Medium
30,2024,0.58,0.47,0.94,0.77,0.57,0.66,113,19,0.65,Medium
38,2021,0.96,0.79,0.98,0.66,0.63,0.6,430,17,0.84,High
91,2024,0.51,0.5,0.84,0.62,0.73,0.7,309,0,0.61,Medium
71,2022,0.91,0.75,0.67,0.92,0.68,0.08,332,13,0.8,High
18,2024,0.51,0.49,0.58,0.77,0.72,0.08,353,13,0.58,Medium
90,2021,0.88,0.45,0.74,0.85,0.88,0.78,230,6,0.74,High
1,2022,0.99,0.6,0.7,0.84,0.86,0.47,451,4,0.8,High
30,2021,0.93,0.49,0.89,0.85,0.54,0.87,381,0,0.76,High
62,2025,0.61,0.79,0.69,0.62,0.72,0.9,285,5,0.68,Medium
37,2022,0.61,0.43,0.91,0.93,0.71,0.35,142,1,0.68,Medium
44,2022,0.85,0.76,0.71,0.98,0.68,0.61,269,18,0.8,High
49,2021,0.31,0.89,0.91,0.92,0.5,0.84,300,6,0.69,Medium
15,2025,0.31,0.49,0.87,0.7,0.72,0.39,343,12,0.57,Medium
93,2023,0.92,0.56,0.6,0.79,0.31,0.03,185,15,0.69,Medium
77,2023,0.91,0.73,0.98,0.62,0.37,0.04,474,16,0.78,High
44,2021,0.53,0.75,0.73,0.78,0.96,0.98,237,13,0.71,High
78,2021,0.42,0.44,0.85,0.89,0.33,0.93,92,13,0.57,Medium
28,2022,0.77,0.5,0.53,0.73,0.84,0.41,269,0,0.66,Medium
68,2021,0.37,0.97,0.8,0.89,0.52,0.39,318,4,0.7,Medium
25,2024,0.43,0.88,0.84,0.82,0.63,0.92,163,14,0.7,Medium
55,2023,0.89,0.59,0.84,0.98,0.81,0.49,242,18,0.81,High
43,2023,0.53,0.84,0.71,0.83,0.88,0.8,302,16,0.72,High
37,2022,0.92,0.79,0.73,0.87,0.73,0.57,199,15,0.82,High
28,2023,0.58,0.48,0.58,0.98,0.92,0.91,458,8,0.65,Medium
65,2023,0.77,0.69,0.71,0.74,0.72,0.58,274,6,0.73,High
23,2023,0.7,0.53,0.87,0.61,0.55,0.78,389,5,0.66,Medium
91,2021,0.82,0.65,0.6,0.81,0.39,0.44,197,4,0.69,Medium
92,2021,0.79,0.51,0.66,0.77,0.94,0.24,439,12,0.71,High
75,2022,0.96,0.5,0.74,0.64,0.74,0.55,430,12,0.73,High
35,2021,0.44,0.41,0.93,0.83,0.92,0.6,452,18,0.64,Medium
25,2023,0.48,0.6,0.58,0.67,0.85,0.38,394,12,0.6,Medium
6,2025,0.6,0.77,0.54,0.64,0.42,0.52,293,17,0.62,Medium
60,2024,0.55,0.76,0.69,0.95,0.52,0.29,258,15,0.69,Medium
15,2023,0.69,0.82,0.83,0.92,0.92,0.82,309,9,0.81,High
74,2025,0.5,0.93,0.52,0.69,0.93,0.26,148,4,0.68,Medium
42,2025,0.45,0.65,0.68,0.96,0.33,0.51,295,6,0.61,Medium
40,2025,0.95,0.58,0.89,0.91,0.78,0.97,285,16,0.82,High
2,2021,0.81,0.75,0.6,0.8,0.52,0.43,423,19,0.72,High
64,2025,0.46,0.64,0.63,0.68,0.85,0.91,373,14,0.61,Medium
89,2024,0.93,0.91,0.59,0.98,0.56,0.34,193,14,0.83,High
51,2022,0.52,0.89,0.94,0.72,0.9,0.86,83,3,0.76,High
25,2022,0.96,0.81,0.67,0.8,0.75,0.51,164,1,0.82,High
28,2023,0.42,0.4,0.72,0.63,0.78,0.24,364,7,0.54,Medium
51,2024,0.5,0.87,0.9,0.99,0.72,0.08,245,2,0.77,High
3,2025,0.34,0.83,0.74,0.94,0.57,0.17,380,9,0.66,Medium
33,2022,0.58,0.75,0.65,0.79,0.86,0.98,52,19,0.7,Medium
47,2023,0.89,0.8,0.85,0.75,0.92,0.73,200,17,0.84,High
50,2022,0.33,0.98,0.84,0.85,0.49,0.25,96,12,0.69,Medium
98,2025,0.4,0.41,0.77,0.99,0.56,0.36,426,1,0.58,Medium
82,2025,0.32,0.47,0.71,0.63,0.58,0.47,406,13,0.51,Medium
89,2025,0.63,0.65,0.91,0.96,0.9,0.67,476,16,0.77,High
80,2022,0.33,0.96,0.83,0.9,0.52,0.85,118,19,0.69,Medium
64,2023,0.34,0.52,0.71,0.69,0.3,0.92,369,1,0.51,Medium
55,2025,0.38,0.44,0.86,0.97,0.6,0.12,309,17,0.6,Medium
27,2023,0.82,0.83,0.62,0.9,0.94,0.11,339,17,0.81,High
88,2021,0.57,0.88,0.67,0.78,0.77,0.51,128,17,0.72,High
23,2023,0.32,0.72,0.52,0.92,0.52,0.56,119,0,0.57,Medium
68,2021,0.9,0.46,0.85,0.74,0.3,0.4,484,18,0.7,Medium
70,2024,0.88,0.4,0.65,0.7,0.46,0.07,132,2,0.64,Medium
62,2025,0.91,0.94,0.75,0.73,0.37,0.95,161,17,0.8,High
17,2021,0.89,0.95,0.86,0.71,0.53,0.02,163,0,0.84,High
52,2025,0.68,0.45,0.98,0.7,0.9,0.17,110,7,0.71,High
26,2024,0.84,0.96,0.95,0.93,0.92,0.2,376,11,0.91,High
79,2022,0.56,0.64,0.77,0.66,0.78,0.17,174,16,0.66,Medium
12,2021,0.75,0.49,0.77,0.63,0.56,0.41,328,12,0.65,Medium
7,2024,0.98,0.84,0.85,0.94,0.38,0.71,179,0,0.85,High
80,2025,0.54,0.78,0.6,0.66,0.96,0.92,52,17,0.67,Medium
43,2021,0.53,0.59,0.82,0.74,0.4,0.6,277,16,0.62,Medium
97,2022,0.98,0.79,0.78,0.97,0.71,0.53,111,16,0.86,High
64,2023,0.86,0.51,0.55,0.95,0.54,0.68,327,0,0.69,Medium
75,2022,0.81,0.62,0.54,0.68,0.68,0.21,146,16,0.68,Medium
88,2025,0.89,0.64,0.62,0.92,0.54,0.11,355,15,0.74,High
94,2022,0.82,0.73,0.94,0.82,0.67,0.2,261,4,0.81,High
45,2022,0.44,0.93,0.56,0.6,0.65,0.58,96,10,0.63,Medium
9,2025,0.48,0.68,0.61,0.9,0.94,0.42,203,13,0.66,Medium
92,2021,0.61,0.69,0.68,0.96,0.7,0.76,226,2,0.71,High
49,2022,0.55,0.88,0.97,0.85,0.82,0.81,238,0,0.79,High
49,2021,0.58,0.8,0.73,0.9,0.55,0.63,385,6,0.71,High
78,2023,0.38,0.76,0.74,0.61,0.57,0.11,117,10,0.6,Medium
2,2024,0.63,0.94,0.76,0.88,0.48,0.45,331,15,0.76,High
100,2022,0.32,0.61,0.67,0.76,0.4,0.74,325,13,0.54,Medium
3,2024,0.79,0.91,0.71,0.72,0.96,0.52,241,3,0.81,High
22,2022,0.53,0.89,0.8,0.76,0.63,0.85,311,19,0.72,High
27,2025,0.36,0.87,0.92,0.67,0.6,0.17,72,4,0.67,Medium
9,2023,0.44,0.53,0.52,0.73,0.69,0.86,430,2,0.55,Medium
14,2022,0.95,0.72,0.63,0.62,0.81,0.12,495,18,0.76,High
1,2024,0.34,0.5,0.85,0.88,0.93,0.58,68,1,0.62,Medium
12,2021,0.8,0.51,0.66,0.79,0.32,0.25,51,7,0.65,Medium
11,2024,0.66,0.52,0.9,0.67,0.36,0.44,63,15,0.64,Medium
54,2022,0.49,0.73,0.67,0.97,0.95,0.5,178,5,0.7,Medium
38,2025,0.63,0.6,0.96,0.6,0.69,0.74,457,18,0.69,Medium
10,2025,0.66,0.77,0.62,0.79,0.6,0.07,362,19,0.69,Medium
96,2024,0.47,0.52,0.75,0.91,0.34,0.58,380,1,0.59,Medium
57,2024,0.6,0.63,0.86,0.82,0.96,0.25,224,0,0.73,High
98,2024,0.61,0.75,0.79,0.73,0.52,0.11,221,9,0.69,Medium
87,2024,1.0,0.92,0.78,0.81,0.5,0.52,91,18,0.86,High
82,2025,0.5,0.52,0.63,0.67,0.37,0.42,441,17,0.54,Medium
57,2025,0.42,0.44,0.66,0.69,0.66,0.1,304,11,0.54,Medium
2,2023,0.82,0.72,0.93,0.88,0.31,0.39,137,11,0.78,High
16,2024,0.86,0.5,0.77,0.68,0.8,0.27,415,17,0.72,High
15,2022,0.63,0.8,0.7,0.72,0.74,0.15,247,0,0.71,High
4,2023,0.79,0.97,1.0,0.78,0.48,0.44,473,12,0.84,High
23,2023,0.44,0.86,0.71,0.83,0.31,0.03,445,4,0.64,Medium
97,2024,0.65,0.64,0.82,0.85,0.38,0.98,275,12,0.68,Medium
58,2023,0.96,0.57,0.67,0.88,0.84,0.93,123,10,0.78,High
15,2025,0.58,0.55,0.6,0.98,0.94,0.05,341,11,0.67,Medium
98,2024,0.74,0.78,0.93,0.9,0.68,0.65,275,8,0.81,High
78,2024,0.64,0.48,0.62,0.72,0.95,0.23,403,9,0.64,Medium
1,2022,0.38,0.97,0.93,0.83,0.77,0.02,495,5,0.74,High
23,2024,0.79,0.65,0.75,0.6,0.78,0.66,288,14,0.72,High
40,2023,0.66,0.91,0.73,0.74,0.68,0.72,76,3,0.75,High
80,2024,0.63,0.85,0.84,0.95,1.0,0.43,125,3,0.81,High
95,2024,0.44,0.9,0.78,0.62,0.98,0.51,194,17,0.7,Medium
37,2025,0.76,0.77,0.59,0.81,0.8,0.97,349,6,0.74,High
44,2025,0.53,0.96,0.67,1.0,0.64,0.18,427,9,0.75,High
10,2023,0.99,0.43,0.55,0.89,0.5,0.18,262,16,0.7,Medium
9,2021,0.84,0.48,0.73,0.84,0.6,0.03,355,0,0.7,Medium
13,2021,0.7,0.88,0.99,0.7,0.66,0.91,120,15,0.8,High
56,2024,0.62,0.57,0.98,0.66,0.71,0.28,142,18,0.69,Medium
97,2021,0.71,0.89,0.7,0.78,0.81,0.36,104,19,0.77,High
52,2024,0.36,0.58,0.98,0.98,0.53,0.57,136,8,0.65,Medium
81,2025,0.87,0.97,0.55,0.66,0.97,0.54,66,14,0.81,High
2,2024,0.82,0.53,0.93,0.98,0.47,0.88,473,12,0.76,High
4,2021,0.9,0.7,0.8,0.69,0.68,0.69,195,9,0.78,High
57,2023,0.73,0.62,0.89,0.67,0.57,0.35,301,8,0.71,High
15,2024,0.64,0.88,0.79,0.74,0.87,0.24,482,12,0.77,High
1,2022,0.48,0.41,0.82,0.8,0.61,0.97,76,17,0.59,Medium
39,2021,0.7,0.92,0.79,0.89,0.56,0.09,87,8,0.79,High
73,2023,0.97,0.55,0.67,0.96,0.98,0.44,253,1,0.8,High
78,2024,0.46,0.46,0.91,0.66,0.82,0.05,155,4,0.62,Medium
50,2022,0.52,0.98,0.71,0.78,0.7,0.98,245,6,0.73,High
62,2021,0.8,0.76,0.54,0.87,0.34,0.6,363,18,0.7,Medium
34,2024,0.78,0.89,0.71,0.72,0.96,0.68,100,2,0.8,High
76,2025,0.54,0.77,0.77,0.65,0.5,0.24,183,18,0.66,Medium
69,2022,0.31,0.71,0.57,0.95,0.91,0.42,373,4,0.62,Medium
40,2023,0.49,0.7,0.89,0.94,0.89,0.36,322,3,0.73,High
99,2021,0.79,0.41,0.7,0.73,0.79,0.77,416,10,0.67,Medium
55,2023,0.51,0.67,0.86,0.88,0.99,0.23,230,12,0.72,High
12,2025,0.94,0.49,0.88,0.83,0.49,0.47,54,10,0.75,High
71,2025,0.7,0.78,0.76,0.62,0.46,0.49,115,5,0.7,Medium
41,2024,0.53,0.55,0.73,0.65,0.95,0.87,430,13,0.64,Medium
70,2022,0.93,0.78,0.72,0.62,0.65,0.76,338,17,0.78,High
5,2022,0.75,0.45,0.72,0.72,0.68,0.13,225,11,0.66,Medium
82,2021,0.37,0.75,0.74,0.81,0.77,0.27,374,6,0.64,Medium
45,2024,0.74,0.45,0.56,0.62,0.48,0.14,102,5,0.59,Medium
69,2024,0.73,0.9,0.86,0.65,0.82,0.28,174,18,0.8,High
39,2024,0.62,0.87,0.8,0.86,1.0,0.07,70,6,0.79,High
95,2022,0.35,0.89,0.82,0.86,0.39,0.65,152,0,0.66,Medium
25,2023,0.61,0.42,0.68,0.93,0.79,0.46,118,8,0.64,Medium
2,2022,0.63,0.96,0.82,0.72,0.67,0.07,375,15,0.77,High
49,2023,0.63,0.61,0.84,0.86,0.8,0.27,121,4,0.72,High
15,2023,0.37,0.41,0.57,0.89,0.98,0.98,284,1,0.56,Medium
54,2023,0.87,0.55,0.71,0.94,0.91,0.24,166,6,0.77,High
64,2025,0.48,0.78,0.51,0.89,0.66,0.61,298,15,0.64,Medium
9,2022,0.83,0.84,0.93,0.68,0.58,0.95,474,7,0.8,High
93,2024,0.38,0.52,1.0,0.82,0.5,0.99,139,18,0.62,Medium
49,2023,0.89,0.83,0.84,0.96,0.78,0.28,107,13,0.86,High
66,2021,0.83,0.77,0.54,0.81,0.54,0.33,55,5,0.73,High
53,2022,0.35,0.8,0.9,0.87,0.65,0.95,261,0,0.68,Medium
65,2021,0.6,0.42,0.98,0.68,0.85,0.77,265,11,0.67,Medium
45,2022,0.64,0.41,0.96,0.99,0.46,0.21,108,16,0.68,Medium
54,2021,0.55,0.9,0.75,0.96,0.95,0.17,124,17,0.78,High
98,2021,0.55,0.74,0.63,0.97,0.49,0.9,406,15,0.67,Medium
79,2022,0.93,0.5,0.98,0.78,0.96,0.68,50,2,0.81,High
30,2024,0.4,0.46,0.71,0.92,0.4,0.13,156,12,0.56,Medium
53,2024,0.42,0.95,0.91,0.74,0.76,0.54,70,3,0.73,High
44,2025,0.33,0.67,0.95,0.83,0.88,0.99,150,1,0.67,Medium
48,2023,0.78,0.54,0.57,0.95,0.49,0.22,172,4,0.67,Medium
82,2024,0.74,0.66,0.72,0.72,0.83,0.94,123,10,0.72,High
81,2025,0.91,0.84,0.63,0.63,0.49,0.91,430,17,0.75,High
78,2021,0.48,0.83,0.51,0.75,0.74,0.15,221,6,0.64,Medium
80,2023,0.76,0.64,0.8,0.64,0.31,0.91,304,19,0.68,Medium
58,2021,0.86,0.45,0.71,0.87,0.47,0.08,147,11,0.69,Medium
5,2025,0.98,0.98,0.58,0.72,0.37,0.27,180,8,0.8,High
26,2022,0.99,0.78,0.71,0.67,0.99,0.82,442,1,0.83,High
61,2021,0.76,0.84,0.89,0.7,0.51,0.48,155,11,0.77,High
74,2023,0.55,0.85,0.75,0.65,0.71,0.3,52,5,0.7,Medium
43,2024,0.72,0.93,0.71,0.84,0.74,0.42,134,3,0.79,High
52,2024,0.91,0.54,0.61,0.89,0.52,0.51,362,14,0.72,High
73,2023,0.9,0.92,0.7,0.9,0.4,0.01,89,18,0.82,High
50,2022,0.83,0.85,0.57,0.95,0.49,0.98,184,11,0.77,High
72,2025,0.61,0.44,0.79,0.84,0.82,0.03,156,0,0.66,Medium
18,2022,0.34,0.95,0.85,0.8,0.61,0.13,435,16,0.69,Medium
6,2022,0.62,0.83,0.79,0.8,0.43,0.46,462,5,0.71,High
78,2022,0.67,0.78,0.77,0.65,0.56,0.1,190,8,0.7,Medium
10,2025,0.51,0.43,0.73,0.94,0.95,0.93,340,5,0.64,Medium
3,2022,0.99,0.8,0.64,0.83,0.38,0.97,421,11,0.79,High
5,2023,0.47,0.83,0.89,0.87,0.73,0.89,382,8,0.73,High
2,2025,0.47,0.99,0.69,0.89,0.78,0.21,468,15,0.74,High
15,2024,0.44,0.96,0.68,0.64,0.79,0.3,201,1,0.68,Medium
38,2023,0.59,0.99,0.83,0.9,0.32,0.12,395,17,0.76,High
9,2025,0.87,0.64,0.97,0.76,0.84,0.48,478,16,0.81,High
40,2022,0.96,0.9,0.9,0.68,0.86,0.85,442,10,0.88,High
69,2023,0.7,0.63,0.98,0.71,0.58,0.98,493,10,0.73,High
87,2021,0.31,0.74,0.97,0.87,0.88,0.01,478,19,0.69,Medium
61,2024,0.78,0.7,0.88,0.79,0.4,0.65,356,4,0.74,High
13,2023,0.73,0.49,0.98,0.81,0.35,0.63,254,14,0.69,Medium
54,2023,0.74,0.96,0.6,0.89,0.91,0.52,261,15,0.81,High
76,2025,0.9,0.91,0.55,0.64,0.48,0.87,186,7,0.75,High
87,2022,0.74,0.61,0.89,0.69,0.75,0.24,218,9,0.73,High
24,2022,0.39,0.92,0.8,0.65,0.6,0.16,78,13,0.66,Medium
79,2021,0.36,0.52,0.74,0.74,0.55,0.53,207,18,0.55,Medium
53,2025,0.86,0.6,0.53,0.82,0.71,0.93,487,16,0.71,High
19,2023,0.94,0.76,0.76,0.82,0.98,0.77,60,15,0.84,High
90,2025,0.62,0.58,0.52,0.73,0.68,0.55,61,2,0.61,Medium
21,2022,0.53,0.57,0.59,0.8,0.49,0.73,186,5,0.59,Medium
3,2024,0.84,0.6,0.78,0.68,0.82,0.05,75,13,0.74,High
54,2022,0.6,0.51,0.64,0.71,0.66,0.23,491,15,0.61,Medium
24,2025,0.71,0.84,0.66,0.61,0.39,0.91,186,2,0.69,Medium
64,2024,0.81,0.72,0.6,0.64,0.57,0.84,482,15,0.7,Medium
100,2023,0.41,0.57,0.69,0.9,0.68,0.08,179,19,0.61,Medium
15,2024,0.59,0.96,0.82,0.92,0.63,0.36,172,7,0.78,High
29,2023,0.85,0.5,0.76,0.79,0.74,0.95,240,11,0.72,High
76,2023,0.34,0.44,0.59,0.61,0.82,0.72,260,15,0.5,Medium
86,2025,0.41,0.58,0.62,0.75,0.48,0.49,58,18,0.55,Medium
35,2025,0.75,0.58,0.73,0.71,0.56,0.16,55,13,0.68,Medium
67,2024,0.42,0.52,0.66,0.84,0.45,0.12,205,13,0.56,Medium
44,2021,0.31,0.62,0.54,0.7,0.36,0.1,407,1,0.5,Medium
40,2023,0.75,0.48,0.96,0.64,0.97,0.61,248,1,0.73,High
11,2022,0.36,0.97,0.63,0.73,0.58,0.05,155,12,0.64,Medium
53,2024,0.55,0.86,0.9,0.66,0.56,0.37,490,4,0.72,High
98,2024,0.87,0.63,0.52,0.67,0.97,0.07,413,15,0.72,High
25,2024,0.3,0.7,0.69,0.99,0.41,0.35,409,2,0.59,Medium
87,2025,0.45,0.53,0.86,0.8,0.59,0.17,222,9,0.62,Medium
25,2024,0.36,0.73,0.95,0.71,0.53,0.12,373,18,0.64,Medium
19,2024,0.76,0.9,0.61,0.65,0.9,0.16,154,17,0.76,High
75,2022,0.34,0.92,0.67,0.96,0.96,0.67,416,1,0.71,High
93,2021,0.88,0.98,0.89,0.85,0.72,0.85,176,7,0.89,High
19,2023,0.34,0.63,0.72,0.66,0.37,0.54,347,1,0.54,Medium
9,2023,0.98,0.83,1.0,0.88,0.51,0.67,479,1,0.88,High
46,2023,0.79,0.41,0.82,0.67,0.7,0.5,397,7,0.67,Medium
34,2024,0.89,0.93,0.74,0.89,0.52,0.34,162,12,0.83,High
21,2022,0.75,0.42,0.81,0.8,0.68,0.36,351,7,0.68,Medium
10,2021,0.97,0.65,0.73,0.62,0.33,0.72,167,3,0.73,High
39,2025,0.47,0.85,0.58,0.68,0.62,0.29,340,12,0.63,Medium
52,2023,0.86,0.9,0.93,0.77,0.79,0.27,241,6,0.86,High
12,2023,0.7,0.95,0.98,0.82,0.62,0.95,488,3,0.83,High
89,2024,0.47,0.68,0.73,0.83,0.55,0.16,82,19,0.64,Medium
42,2024,0.73,0.52,0.8,0.87,0.67,0.72,158,4,0.71,High
54,2025,0.42,0.81,0.82,0.96,0.81,0.51,111,12,0.72,High
39,2025,0.88,0.66,0.82,0.89,0.74,0.14,253,15,0.8,High
27,2024,0.9,0.81,0.94,0.68,0.91,0.06,68,7,0.85,High
38,2025,0.51,0.85,0.6,0.68,0.43,0.13,472,9,0.63,Medium
48,2024,0.84,0.84,0.9,0.71,0.92,0.14,275,5,0.84,High
54,2021,0.41,0.97,0.88,0.71,0.71,0.72,443,11,0.72,High
92,2023,0.77,0.63,0.98,0.95,0.8,0.71,57,19,0.81,High
51,2025,0.68,0.98,0.74,0.63,0.69,0.84,427,16,0.76,High
62,2021,0.8,0.54,0.84,0.99,0.78,0.88,364,9,0.77,High
99,2024,0.79,0.91,0.68,0.7,0.96,0.73,209,9,0.8,High
11,2023,0.68,0.79,0.88,0.85,0.68,0.75,89,18,0.77,High
67,2022,0.55,0.64,0.99,0.64,0.49,0.49,220,6,0.67,Medium
49,2021,0.72,0.58,0.71,0.69,0.98,0.13,73,6,0.7,Medium
81,2025,0.44,0.45,0.74,0.6,0.36,0.81,277,12,0.52,Medium
23,2023,0.78,0.43,0.89,0.94,0.86,0.51,177,12,0.75,High
31,2022,0.45,0.72,0.87,0.85,0.63,0.96,472,12,0.68,Medium
37,2021,0.81,0.84,0.54,0.74,0.9,0.23,252,5,0.76,High
61,2022,0.35,0.55,0.83,0.96,0.62,0.61,235,5,0.61,Medium
57,2025,0.54,0.71,0.99,0.88,0.77,0.24,59,10,0.75,High
97,2021,0.67,0.75,0.5,0.9,0.8,0.37,488,13,0.7,Medium
93,2024,0.97,0.54,0.66,0.67,0.7,0.15,213,5,0.73,High
21,2025,0.76,0.6,0.87,0.82,0.62,0.17,386,13,0.74,High
16,2024,0.56,0.96,0.75,0.86,0.94,0.87,251,17,0.78,High
22,2021,0.63,0.43,0.6,0.92,0.62,0.3,288,18,0.62,Medium
63,2021,0.82,0.56,0.56,0.7,0.94,0.58,226,19,0.7,Medium
64,2023,0.66,0.68,0.63,0.93,0.93,0.78,424,12,0.73,High
37,2021,0.37,0.84,0.6,0.75,0.65,0.73,225,5,0.62,Medium
70,2023,0.68,0.89,0.59,0.92,0.79,0.56,88,6,0.76,High
11,2024,0.4,0.8,0.76,0.86,0.54,0.91,360,8,0.66,Medium
10,2024,0.77,0.54,0.8,0.88,0.36,0.5,158,19,0.69,Medium
92,2022,0.43,0.94,0.72,0.68,0.61,0.41,51,7,0.67,Medium
84,2022,0.66,0.49,0.53,0.89,0.69,0.36,435,19,0.63,Medium
61,2025,0.83,0.6,0.87,0.66,0.39,0.35,319,3,0.71,High
69,2023,0.34,0.48,0.93,0.85,0.48,0.56,385,5,0.58,Medium
65,2021,0.83,0.41,0.76,0.81,0.58,0.3,334,10,0.68,Medium
3,2024,0.86,0.88,0.71,0.71,0.5,0.48,75,18,0.78,High
1,2025,0.87,0.58,0.79,0.9,0.57,0.3,339,13,0.76,High
49,2021,0.95,0.73,0.83,0.96,0.37,0.23,199,17,0.81,High
76,2022,0.9,0.65,0.54,0.78,0.46,0.29,434,18,0.7,Medium
37,2023,0.82,0.42,0.79,0.91,0.31,0.55,115,14,0.68,Medium
20,2024,0.46,0.96,0.67,0.66,0.69,0.94,451,1,0.68,Medium
48,2021,0.83,0.87,0.82,0.94,0.82,0.88,442,14,0.85,High
15,2023,0.59,0.57,0.78,0.72,0.36,0.0,330,8,0.62,Medium
6,2022,1.0,0.57,0.64,0.66,0.41,0.29,218,13,0.71,High
36,2024,0.73,0.56,0.64,0.8,0.86,0.05,253,15,0.69,Medium
51,2022,0.31,0.59,0.79,0.66,0.6,0.55,320,3,0.56,Medium
60,2025,0.58,0.87,0.97,0.94,0.69,0.41,315,19,0.8,High
65,2025,0.52,0.68,0.64,0.98,0.52,0.1,418,1,0.65,Medium
13,2023,0.74,0.62,0.77,0.92,0.87,0.96,57,12,0.76,High
59,2022,0.84,0.43,0.51,0.92,0.63,0.13,181,3,0.66,Medium
54,2022,0.9,0.83,0.74,0.81,0.98,0.97,375,17,0.85,High
2,2022,0.66,0.47,0.98,0.72,0.9,0.39,477,7,0.71,High
74,2025,0.41,0.62,0.81,0.66,0.98,0.91,362,17,0.64,Medium
74,2022,0.36,0.95,0.6,0.77,0.61,0.6,383,3,0.64,Medium
90,2021,0.78,0.76,0.55,0.8,0.81,0.99,124,6,0.74,High
26,2021,0.97,0.45,0.77,0.72,0.57,0.18,193,8,0.72,High
28,2025,0.65,0.45,0.81,0.74,0.9,0.43,499,5,0.67,Medium
96,2022,0.49,0.86,0.6,0.73,0.63,0.94,380,13,0.65,Medium
38,2024,0.55,0.49,0.75,0.78,0.93,0.93,288,13,0.65,Medium
34,2021,0.93,0.88,0.5,0.73,0.6,0.23,68,7,0.77,High
92,2023,0.48,0.43,0.62,0.92,0.9,0.48,454,11,0.6,Medium
37,2023,0.95,0.79,0.69,0.9,0.77,0.53,407,14,0.83,High
94,2024,0.91,0.5,0.93,0.95,0.68,0.66,53,11,0.79,High
73,2025,0.81,0.92,0.83,0.8,0.41,0.05,418,12,0.8,High
77,2022,0.7,0.63,0.88,0.72,0.72,0.54,417,19,0.72,High
15,2021,0.83,0.48,0.61,0.95,0.31,0.75,273,10,0.66,Medium
8,2024,0.3,0.89,0.68,0.82,0.77,0.7,98,18,0.65,Medium
33,2023,0.95,0.92,0.71,0.88,0.93,0.85,248,14,0.88,High
46,2021,0.68,0.66,0.87,0.93,0.84,0.04,115,19,0.77,High
33,2021,0.88,0.91,0.65,0.77,0.63,0.16,225,12,0.8,High
61,2021,0.47,0.45,0.96,0.83,0.77,0.91,98,6,0.65,Medium
65,2023,0.76,0.64,0.68,0.88,0.57,0.35,160,4,0.71,High
76,2024,0.47,0.41,0.58,0.84,0.8,0.02,449,8,0.57,Medium
13,2024,0.35,0.94,0.61,0.9,0.52,0.86,190,7,0.65,Medium
55,2025,0.35,0.84,0.81,0.6,0.31,0.81,405,19,0.6,Medium
75,2024,0.94,1.0,0.58,0.95,0.49,0.59,60,8,0.84,High
50,2021,0.78,0.87,0.9,0.65,0.61,0.83,154,2,0.79,High
19,2021,0.64,0.47,0.9,0.7,0.93,0.91,449,14,0.69,Medium
90,2024,0.61,0.78,0.73,0.74,0.57,0.24,123,2,0.69,Medium
87,2021,0.31,0.41,0.99,0.69,0.86,0.06,112,0,0.58,Medium
90,2021,0.31,0.55,0.7,0.78,0.51,0.03,286,10,0.54,Medium
59,2022,0.36,0.45,0.96,0.88,0.39,0.36,368,4,0.58,Medium
93,2022,0.76,0.57,0.98,0.73,1.0,1.0,103,19,0.78,High
79,2022,0.76,0.72,0.98,0.89,0.45,0.11,348,14,0.78,High
85,2024,0.85,0.59,0.66,0.6,0.79,0.11,158,7,0.7,Medium
44,2023,0.59,0.69,0.54,0.71,0.53,0.95,376,17,0.62,Medium
90,2022,0.94,0.52,0.99,0.89,0.84,0.66,326,19,0.83,High
34,2021,0.8,0.85,0.61,0.78,0.73,0.77,274,1,0.76,High
64,2023,0.66,0.68,0.66,0.83,0.81,0.41,141,18,0.71,High
73,2023,0.74,0.48,0.88,0.71,0.93,0.82,100,18,0.72,High
21,2023,0.55,0.46,0.98,0.86,0.62,0.4,462,16,0.67,Medium
68,2024,0.39,0.59,0.74,0.79,0.63,0.18,138,16,0.59,Medium
70,2022,0.94,0.47,0.88,0.9,0.87,0.89,245,8,0.8,High
37,2023,0.63,0.56,0.87,0.85,0.91,0.08,226,8,0.72,High
83,2025,0.48,0.64,0.69,0.92,0.62,0.17,97,12,0.64,Medium
40,2021,0.73,0.74,0.86,0.98,0.94,0.95,159,12,0.82,High
11,2024,0.51,0.94,0.99,0.94,0.38,0.95,323,10,0.77,High
80,2021,0.61,0.43,0.77,0.74,0.63,0.61,488,13,0.62,Medium
58,2021,0.6,0.89,0.95,0.65,0.67,0.28,271,6,0.76,High
63,2022,0.42,0.59,0.72,0.93,0.95,0.63,236,16,0.65,Medium
36,2022,0.8,0.67,0.63,0.68,0.77,0.0,105,4,0.71,High
47,2023,0.57,0.69,0.68,0.73,0.97,0.64,475,15,0.69,Medium
74,2022,0.76,0.66,0.88,1.0,0.76,0.05,108,0,0.8,High
41,2021,0.68,0.57,0.97,0.94,0.81,0.08,138,0,0.76,High
25,2021,0.41,0.99,0.58,0.79,0.55,0.64,489,16,0.66,Medium
60,2024,0.56,0.8,0.54,0.7,0.8,0.48,227,4,0.66,Medium
46,2022,0.67,0.58,0.68,0.63,0.99,0.04,143,1,0.68,Medium
65,2021,0.47,0.72,0.74,0.88,0.35,0.19,123,11,0.64,Medium
46,2021,0.43,0.43,0.54,1.0,0.85,0.92,357,10,0.58,Medium
84,2024,0.88,0.61,0.71,0.65,0.39,0.62,166,10,0.7,Medium
27,2025,0.75,0.41,0.58,0.99,0.35,0.68,130,12,0.63,Medium
26,2022,0.46,0.56,0.83,0.76,0.44,0.73,134,8,0.6,Medium
77,2023,0.43,0.94,0.84,0.85,0.37,0.6,362,16,0.7,Medium
88,2023,0.55,0.55,0.84,0.87,0.65,0.78,110,1,0.67,Medium
50,2022,0.53,0.46,0.99,0.71,0.6,0.65,225,13,0.64,Medium
47,2024,0.82,0.89,0.56,0.61,0.78,0.3,386,11,0.75,High
23,2025,0.71,0.71,0.75,0.73,0.35,0.09,360,12,0.68,Medium
76,2021,0.88,0.69,0.77,0.72,0.43,0.09,315,7,0.74,High
79,2025,0.43,0.79,0.57,0.82,0.67,0.73,123,14,0.63,Medium
56,2022,0.45,0.51,0.72,0.93,0.89,0.52,334,0,0.64,Medium
100,2025,0.94,0.87,0.73,0.9,0.97,0.77,390,8,0.88,High
23,2024,0.76,0.47,0.77,0.77,0.49,0.6,78,14,0.66,Medium
60,2023,0.58,0.54,0.63,0.79,0.56,0.91,191,11,0.61,Medium
16,2021,0.57,0.9,0.83,0.85,0.53,0.82,247,15,0.74,High
31,2021,0.71,0.82,0.93,0.66,0.68,0.01,236,17,0.77,High
52,2022,0.81,0.45,0.86,0.7,0.91,0.81,169,2,0.72,High
61,2024,0.95,0.92,0.85,0.67,0.49,0.21,358,6,0.83,High
97,2025,0.91,0.97,0.7,0.8,0.98,0.28,343,1,0.87,High
26,2021,0.59,0.6,0.8,0.97,0.89,1.0,297,17,0.72,High
62,2024,0.68,0.85,0.89,0.73,0.8,0.66,65,17,0.78,High
78,2025,0.73,0.75,0.77,0.86,0.48,0.08,196,14,0.74,High
22,2023,0.62,0.7,0.52,0.68,0.88,0.83,330,0,0.65,Medium
2,2023,0.71,0.99,0.58,0.62,0.85,0.25,399,19,0.75,High
3,2023,0.7,0.7,0.93,0.81,0.48,0.68,460,12,0.74,High
4,2022,0.88,0.42,0.82,0.74,0.5,0.39,60,7,0.69,Medium
32,2021,0.87,0.42,0.68,0.82,0.4,0.75,241,3,0.66,Medium
91,2024,0.8,0.95,0.85,0.87,0.58,0.0,332,16,0.84,High
44,2021,0.57,0.53,0.91,0.84,0.61,0.94,54,15,0.67,Medium
18,2021,0.38,0.99,0.6,0.6,1.0,0.28,217,18,0.67,Medium
82,2022,0.71,0.94,0.66,0.87,0.43,0.62,87,8,0.75,High
7,2023,0.51,0.93,0.92,0.79,0.33,0.64,125,16,0.72,High
64,2023,0.61,0.92,0.78,0.66,0.78,0.51,99,11,0.75,High
9,2021,0.58,0.47,0.79,0.62,0.67,0.89,246,13,0.61,Medium
67,2022,0.74,0.43,0.51,0.78,0.53,0.44,177,4,0.6,Medium
61,2021,0.66,0.52,0.66,0.84,0.35,0.15,391,10,0.62,Medium
77,2023,0.87,0.51,0.56,0.89,0.41,0.85,265,4,0.68,Medium
69,2021,0.52,0.8,0.52,0.89,0.89,0.42,382,12,0.68,Medium
32,2025,0.53,0.98,0.99,0.81,0.95,0.52,310,12,0.82,High
1,2023,0.42,0.75,0.78,0.9,0.65,0.27,476,16,0.67,Medium
60,2021,0.7,0.84,0.57,0.95,0.71,0.13,284,18,0.75,High
90,2024,0.49,0.83,0.55,0.61,0.69,0.69,388,14,0.62,Medium
54,2024,0.64,0.41,0.55,0.73,0.61,0.28,379,15,0.57,Medium
95,2025,0.4,0.82,0.57,0.86,0.34,0.41,306,7,0.6,Medium
32,2025,0.95,0.43,0.71,0.88,0.62,0.81,135,3,0.73,High
75,2021,0.87,0.45,0.82,0.97,0.45,0.67,319,15,0.73,High
44,2025,0.39,0.88,0.99,0.75,0.61,0.05,238,1,0.71,High
42,2021,0.39,0.67,0.91,0.96,0.66,0.57,223,17,0.68,Medium
70,2022,0.44,0.77,0.54,0.76,0.8,0.66,66,17,0.63,Medium
32,2023,0.37,0.83,0.75,0.88,0.47,0.32,299,2,0.65,Medium
74,2023,0.74,0.85,0.72,0.97,0.74,0.29,221,14,0.8,High
40,2023,0.9,0.7,0.84,0.76,0.48,0.95,283,2,0.78,High
91,2024,0.44,0.49,0.93,0.87,0.43,0.27,73,4,0.61,Medium
41,2022,0.52,0.47,0.55,0.89,0.9,0.26,404,6,0.61,Medium
60,2022,0.6,0.54,0.76,0.7,0.96,0.91,156,17,0.67,Medium
17,2022,0.59,0.84,0.73,0.94,0.96,0.34,170,3,0.77,High
25,2024,0.59,0.52,0.94,0.66,0.62,0.61,111,16,0.66,Medium
78,2021,0.7,0.66,0.53,0.79,0.87,0.61,356,15,0.69,Medium
18,2025,0.31,0.58,0.85,0.92,0.51,0.5,243,9,0.6,Medium
55,2025,0.76,0.93,0.7,0.72,0.31,0.57,234,5,0.74,High
92,2024,0.44,0.61,0.68,0.6,0.89,0.03,90,7,0.6,Medium
3,2021,0.67,0.73,0.83,0.75,0.75,0.04,215,10,0.74,High
90,2021,0.66,0.74,0.75,0.89,0.57,0.94,150,15,0.72,High
62,2021,0.65,0.88,0.72,0.8,0.89,0.71,442,11,0.77,High
15,2025,0.92,0.75,0.61,0.71,0.86,0.04,292,15,0.78,High
25,2024,0.64,0.93,0.71,0.81,0.33,0.0,145,8,0.72,High
29,2022,0.38,0.47,0.71,0.86,0.8,0.18,453,18,0.58,Medium
81,2024,0.74,0.46,0.81,0.64,0.37,0.73,158,14,0.63,Medium
6,2021,0.39,0.71,0.79,0.74,0.63,0.36,315,8,0.63,Medium
41,2021,0.4,0.94,0.98,1.0,0.85,0.66,307,3,0.79,High
19,2022,0.72,0.43,0.95,0.81,0.77,0.83,220,6,0.71,High
100,2025,0.48,0.99,0.95,0.65,0.32,0.69,78,18,0.71,High
26,2025,0.99,0.78,0.58,0.96,0.66,0.15,426,8,0.82,High
41,2022,0.49,0.88,0.81,0.9,0.61,0.31,369,9,0.73,High
13,2025,0.62,0.88,0.92,0.86,0.46,0.27,51,17,0.77,High
41,2022,0.49,0.53,0.73,0.96,0.37,0.72,411,10,0.61,Medium
93,2021,0.95,0.74,0.68,0.9,0.48,0.69,460,1,0.79,High
78,2024,0.89,0.64,0.76,0.76,0.51,0.8,187,11,0.74,High
21,2022,0.65,0.91,0.9,0.76,0.46,0.41,406,19,0.76,High
61,2025,0.67,0.88,0.68,0.86,0.47,0.11,496,13,0.73,High
3,2022,0.49,0.89,0.77,0.62,0.62,0.94,75,14,0.68,Medium
33,2025,0.8,0.42,0.94,0.66,0.39,0.18,81,11,0.67,Medium
63,2025,0.84,0.62,0.59,0.86,0.53,0.86,373,19,0.71,High
4,2023,0.96,0.49,0.5,0.7,0.87,0.21,392,1,0.7,Medium
75,2022,0.8,0.44,0.67,0.71,0.69,0.73,315,14,0.66,Medium
42,2025,0.97,0.62,0.89,0.9,0.93,0.45,356,0,0.85,High
95,2022,0.46,0.54,0.69,0.69,0.69,0.13,393,2,0.58,Medium
52,2022,0.43,0.66,0.79,0.93,0.99,0.39,121,10,0.69,Medium
68,2024,0.72,0.52,0.75,0.9,0.84,0.5,65,10,0.72,High
42,2021,0.64,0.6,0.87,0.73,0.88,0.59,161,17,0.71,High
23,2025,0.78,0.99,0.51,0.74,0.38,0.26,426,3,0.73,High
51,2022,0.84,0.77,0.99,0.75,0.78,0.06,373,8,0.83,High
93,2023,0.5,0.47,0.85,0.86,0.56,0.95,427,5,0.62,Medium
63,2023,0.94,0.59,0.63,0.81,0.88,0.1,97,18,0.76,High
52,2023,0.8,0.63,0.7,0.91,0.97,0.13,144,16,0.77,High
41,2021,0.56,0.62,0.53,0.87,0.61,0.19,117,17,0.62,Medium
26,2023,0.51,0.78,0.64,0.69,0.81,0.04,330,14,0.66,Medium
55,2021,0.3,0.53,0.67,1.0,0.67,0.2,494,9,0.57,Medium
31,2024,0.39,0.82,0.56,0.69,0.55,0.76,254,15,0.59,Medium
11,2023,0.59,0.96,0.69,0.87,0.48,0.13,368,1,0.73,High
10,2024,0.99,0.96,0.95,0.89,0.56,0.11,260,14,0.92,High
12,2025,0.81,0.92,0.6,0.64,0.93,0.35,276,9,0.78,High
59,2023,0.83,0.65,0.5,0.73,0.67,0.32,305,4,0.69,Medium
62,2024,0.33,0.4,0.66,0.86,0.81,0.45,448,4,0.54,Medium
3,2025,0.77,0.42,0.7,0.92,0.86,0.72,427,19,0.7,Medium
36,2021,1.0,0.46,0.59,0.65,0.53,0.21,175,11,0.68,Medium
48,2024,0.52,0.76,0.8,0.79,0.87,0.06,171,13,0.71,High
75,2025,0.71,0.71,0.87,0.8,0.6,0.4,402,1,0.74,High
45,2021,0.32,0.83,0.91,0.92,0.39,0.9,347,12,0.66,Medium
12,2025,0.98,0.82,0.54,0.68,0.84,0.84,404,7,0.79,High
54,2022,0.45,0.41,0.74,0.81,0.47,0.12,306,11,0.55,Medium
22,2023,0.54,0.65,0.75,0.79,0.49,0.03,195,2,0.64,Medium
87,2023,0.91,0.85,0.93,0.8,0.39,0.7,121,8,0.83,High
37,2025,0.88,0.48,0.95,0.95,0.63,0.74,118,13,0.78,High
42,2022,0.58,0.57,0.58,0.73,0.73,0.58,353,11,0.62,Medium
45,2023,0.32,0.41,0.94,0.62,0.81,0.87,467,11,0.56,Medium
53,2023,0.88,0.69,0.88,0.93,0.54,0.89,206,5,0.81,High
59,2021,1.0,0.91,0.68,0.6,0.74,0.7,397,5,0.83,High
41,2024,0.9,0.67,0.53,0.79,0.78,0.61,148,17,0.74,High
30,2022,0.42,0.54,0.79,0.77,0.66,0.17,420,11,0.6,Medium
49,2024,0.77,0.82,0.65,0.79,0.97,0.77,329,18,0.78,High
83,2024,0.42,0.44,0.79,0.74,0.49,0.81,374,9,0.55,Medium
45,2025,0.68,0.67,0.6,0.6,0.47,0.51,87,0,0.63,Medium
68,2023,1.0,0.86,0.88,0.98,0.92,0.32,412,15,0.93,High
41,2023,0.56,0.68,0.82,0.96,0.59,0.78,217,18,0.7,Medium
5,2025,0.52,0.48,0.6,0.84,0.34,0.86,77,13,0.56,Medium
3,2024,0.32,0.78,0.71,0.71,0.44,0.65,330,9,0.58,Medium
61,2024,0.78,0.74,0.93,0.65,0.85,0.67,393,16,0.79,High
55,2025,0.96,0.48,0.82,0.75,0.97,0.33,264,12,0.78,High
95,2021,0.67,0.78,0.98,0.64,0.52,0.61,164,5,0.74,High
55,2021,0.32,0.43,0.53,0.96,0.8,0.68,327,0,0.53,Medium
47,2025,0.3,0.55,0.96,0.97,0.8,0.77,376,7,0.64,Medium
78,2022,0.43,0.89,0.57,0.79,0.96,0.19,293,1,0.68,Medium
68,2025,0.4,0.41,0.93,0.82,0.73,0.93,295,5,0.6,Medium
29,2021,0.72,0.95,0.64,0.67,0.76,0.71,219,6,0.76,High
69,2024,0.48,0.97,0.96,0.78,0.89,0.45,111,4,0.78,High
6,2022,0.64,0.82,0.76,0.76,0.74,0.97,192,2,0.74,High
49,2023,0.85,0.72,0.66,0.65,0.92,0.47,125,0,0.76,High
24,2024,0.77,0.88,0.83,0.76,0.66,0.8,479,11,0.8,High
93,2024,0.98,0.98,0.68,0.63,0.42,0.99,64,9,0.81,High
63,2024,0.84,0.9,0.59,0.96,0.76,0.88,412,10,0.82,High
7,2025,0.94,0.94,0.72,0.71,0.58,0.39,437,1,0.83,High
67,2022,0.35,0.81,0.59,0.74,0.34,0.27,132,2,0.57,Medium
73,2024,0.46,0.68,0.74,0.95,0.83,0.51,224,2,0.68,Medium
83,2024,0.31,0.64,0.95,0.9,0.68,0.53,58,16,0.65,Medium
65,2023,0.3,0.7,0.88,0.93,0.92,0.49,455,14,0.67,Medium
56,2021,0.41,0.62,0.66,0.77,0.7,0.9,121,5,0.6,Medium
12,2022,0.37,0.41,0.58,1.0,0.43,0.5,420,17,0.52,Medium
52,2024,0.72,0.57,0.93,0.71,0.78,0.67,327,0,0.73,High
38,2025,0.5,0.89,0.9,0.78,0.72,0.6,300,12,0.74,High
96,2025,0.68,0.73,0.75,0.72,0.95,0.59,299,11,0.74,High
21,2023,0.84,0.98,0.75,0.64,0.61,0.48,421,15,0.8,High
10,2025,0.64,0.98,0.5,0.96,0.95,0.96,215,14,0.78,High
87,2022,0.87,0.97,0.57,0.8,0.45,0.06,80,9,0.78,High
19,2024,0.4,0.64,0.95,1.0,0.99,0.88,450,17,0.72,High
28,2023,0.52,0.45,0.61,0.68,0.6,0.66,445,1,0.55,Medium
28,2022,0.3,0.63,0.53,0.97,0.59,0.46,282,9,0.56,Medium
86,2021,0.75,0.85,0.95,0.95,0.77,0.21,150,1,0.85,High
60,2022,0.76,0.66,0.94,0.94,0.67,0.69,214,15,0.79,High
89,2024,0.52,0.85,0.61,0.76,0.91,0.72,170,16,0.7,Medium
24,2022,0.5,0.51,0.87,0.7,0.62,0.39,120,13,0.62,Medium
28,2022,0.36,0.45,0.8,0.84,0.59,0.43,179,18,0.57,Medium
76,2021,0.4,0.46,0.56,0.64,0.73,0.2,383,9,0.52,Medium
67,2024,0.57,0.84,0.71,0.89,0.38,0.81,208,19,0.69,Medium
26,2023,0.86,0.88,0.56,0.76,0.42,0.25,108,11,0.75,High
64,2025,0.54,0.47,0.64,0.91,0.55,0.81,165,12,0.6,Medium
29,2023,0.62,0.41,0.56,0.67,0.38,0.34,65,16,0.54,Medium
32,2022,0.8,0.66,0.7,0.65,0.65,0.13,142,18,0.71,High
44,2024,0.4,0.73,0.88,0.71,0.45,0.52,83,15,0.63,Medium
45,2023,0.33,0.77,0.65,0.63,0.83,0.31,289,2,0.6,Medium
39,2025,0.74,0.58,0.98,0.88,0.4,0.42,337,12,0.74,High
61,2021,0.71,0.44,0.83,0.6,0.85,0.67,497,12,0.66,Medium
30,2025,0.33,0.74,0.93,0.7,0.91,0.02,451,4,0.67,Medium
19,2022,0.76,0.66,0.52,0.97,0.63,0.03,314,11,0.71,High
78,2025,0.35,0.74,0.81,0.8,0.87,0.86,423,13,0.66,Medium
75,2025,0.59,0.74,0.82,0.74,0.94,0.13,224,17,0.73,High
5,2023,0.69,0.49,0.9,0.97,0.42,0.82,158,9,0.7,Medium
89,2021,0.94,0.73,0.68,0.6,0.34,0.43,309,3,0.72,High
94,2022,0.42,0.91,0.65,0.84,0.65,0.05,210,11,0.67,Medium
57,2022,0.94,0.87,0.88,0.84,0.74,0.64,185,11,0.88,High
41,2022,0.6,0.52,0.51,0.92,0.31,0.83,386,11,0.58,Medium
13,2023,0.38,0.92,0.92,0.86,0.65,0.72,299,13,0.72,High
6,2021,0.39,0.99,0.7,0.69,0.42,0.67,433,17,0.65,Medium
52,2025,0.78,0.62,0.88,0.99,0.38,0.31,392,7,0.75,High
45,2023,0.85,0.96,0.62,0.83,0.49,0.82,329,1,0.79,High
7,2025,0.91,0.42,0.78,0.69,0.54,0.78,64,8,0.69,Medium
53,2021,0.84,0.88,0.77,0.67,0.6,0.55,117,14,0.79,High
65,2025,0.6,0.73,0.66,0.89,0.75,0.33,412,8,0.7,Medium
89,2022,0.69,0.41,0.85,0.75,0.96,0.82,322,2,0.69,Medium
1,2025,0.44,0.6,0.74,0.72,0.66,0.17,322,7,0.6,Medium
13,2024,0.95,0.95,0.76,0.89,0.61,0.63,66,15,0.87,High
20,2021,0.65,0.75,0.64,0.75,0.36,0.05,318,13,0.66,Medium
27,2023,0.73,0.76,0.65,0.87,0.86,0.11,117,19,0.76,High
83,2022,0.91,0.7,0.9,0.75,0.39,0.04,485,18,0.78,High
9,2025,0.62,0.83,0.55,0.94,0.82,0.21,273,7,0.73,High
21,2022,0.48,0.67,0.52,0.76,0.7,0.95,83,7,0.6,Medium
10,2023,0.33,0.59,0.79,0.98,0.9,0.23,111,13,0.64,Medium
87,2023,0.95,0.91,0.89,0.76,0.65,0.46,243,12,0.87,High
47,2023,0.39,0.93,0.88,0.77,0.66,0.37,339,15,0.71,High
12,2021,0.44,0.6,0.73,0.73,0.83,0.33,438,12,0.62,Medium
5,2024,0.46,0.77,0.72,0.63,0.64,0.7,160,19,0.63,Medium
60,2021,0.36,0.96,0.69,0.83,0.85,0.32,347,5,0.7,Medium
80,2022,0.95,0.88,0.72,0.8,0.49,0.7,317,6,0.82,High
47,2023,0.33,0.77,0.78,0.76,0.75,0.55,352,1,0.64,Medium
94,2021,0.92,0.98,0.95,0.89,0.71,0.69,104,19,0.92,High
81,2021,0.67,0.81,0.84,0.7,0.71,0.8,232,17,0.75,High
48,2025,0.55,0.96,0.77,0.84,0.32,0.17,151,2,0.72,High
95,2021,0.34,0.9,0.89,0.67,0.74,0.82,117,12,0.68,Medium
75,2025,0.95,0.76,0.83,0.76,0.94,0.64,324,13,0.85,High
40,2021,0.97,0.89,0.93,0.67,0.49,0.29,184,13,0.85,High
5,2024,0.84,0.77,0.8,0.82,0.71,0.93,446,15,0.8,High
3,2021,0.43,0.5,0.59,0.87,0.62,0.99,62,4,0.56,Medium
41,2025,0.99,0.9,0.73,0.82,0.89,0.48,183,11,0.88,High
62,2024,0.41,0.7,0.71,0.95,0.39,0.88,255,2,0.62,Medium
67,2023,0.56,0.54,0.78,0.92,0.3,0.63,161,5,0.63,Medium
24,2023,0.94,0.91,0.56,0.64,0.71,0.53,361,3,0.79,High
54,2023,0.95,0.64,0.95,0.75,0.82,0.48,52,19,0.83,High
28,2023,0.81,0.62,0.51,0.64,0.65,0.69,289,17,0.66,Medium
13,2023,0.66,0.48,0.62,0.78,0.43,0.27,63,7,0.6,Medium
60,2024,0.8,0.93,0.61,0.92,0.83,0.36,76,7,0.82,High
87,2025,0.65,0.81,0.82,0.92,0.33,0.3,182,4,0.73,High
64,2022,0.5,0.59,0.76,0.87,0.57,0.72,154,3,0.64,Medium
100,2021,0.32,0.45,0.71,0.98,0.81,0.09,59,8,0.58,Medium
36,2025,0.73,0.89,0.7,0.69,0.66,0.55,466,15,0.75,High
79,2021,0.74,0.41,0.77,0.64,0.32,0.79,198,7,0.61,Medium
62,2022,0.65,0.93,0.7,0.71,0.54,0.71,50,9,0.73,High
52,2025,0.65,0.87,0.97,0.74,0.47,0.62,321,1,0.76,High
5,2022,0.62,0.44,0.99,0.94,0.42,0.9,256,14,0.68,Medium
47,2021,0.61,0.83,0.69,0.68,0.74,0.98,435,5,0.7,Medium
43,2024,0.79,0.93,0.74,0.75,0.48,0.6,178,15,0.78,High
51,2023,0.54,0.93,0.6,0.63,0.85,0.84,413,7,0.69,Medium
49,2022,0.66,0.9,0.71,0.68,0.5,0.51,416,1,0.72,High
14,2025,0.85,0.75,0.89,0.68,0.34,0.87,57,14,0.76,High
26,2024,0.79,0.65,0.94,0.72,0.31,0.3,216,0,0.73,High
71,2022,0.33,0.93,0.91,0.87,0.54,0.07,303,4,0.7,Medium
95,2021,0.81,0.63,0.5,0.6,0.62,0.49,225,18,0.65,Medium
42,2023,0.51,0.74,0.65,0.67,0.59,0.23,454,3,0.63,Medium
53,2024,0.41,0.8,0.88,0.64,0.63,0.07,52,1,0.66,Medium
16,2025,0.31,0.53,0.81,0.75,0.99,0.03,365,15,0.6,Medium
58,2024,0.88,0.89,0.59,0.88,0.5,0.3,478,4,0.79,High
84,2024,0.3,0.83,0.59,0.64,0.47,0.38,389,12,0.56,Medium
47,2024,0.98,0.83,0.66,0.73,0.61,0.63,199,15,0.8,High
91,2024,0.35,0.8,0.91,0.72,0.99,0.08,454,3,0.69,Medium
65,2024,0.64,0.89,0.98,0.97,0.94,0.51,72,15,0.85,High
22,2025,0.78,0.93,0.6,0.97,0.87,0.98,100,0,0.82,High
9,2022,0.37,0.47,0.65,0.85,0.86,0.9,392,14,0.57,Medium
81,2024,0.37,0.62,0.75,0.62,0.54,0.18,303,4,0.56,Medium
49,2022,0.35,0.68,0.81,0.64,0.97,0.98,258,4,0.63,Medium
38,2022,0.33,0.75,0.53,0.98,0.4,0.3,258,16,0.58,Medium
61,2023,0.47,0.79,0.64,0.69,0.48,0.49,96,6,0.62,Medium
64,2023,0.5,0.62,0.73,0.99,0.42,0.36,339,19,0.64,Medium
29,2023,0.46,0.41,0.8,0.87,0.72,0.07,270,18,0.6,Medium
36,2024,0.63,0.6,0.55,0.66,0.32,0.47,345,18,0.58,Medium
47,2021,0.96,0.84,0.82,0.86,0.88,0.11,143,9,0.88,High
5,2022,0.71,0.9,0.54,0.88,0.67,0.38,285,0,0.75,High
26,2022,0.89,0.69,0.66,0.95,0.41,0.21,221,15,0.76,High
22,2022,0.8,0.85,0.53,0.69,0.49,0.55,346,10,0.71,High
85,2025,0.96,0.88,0.59,0.76,0.55,0.79,123,1,0.8,High
40,2022,0.58,0.56,0.69,0.8,0.54,0.24,190,11,0.63,Medium
9,2024,0.84,0.5,0.52,0.86,0.84,0.81,100,19,0.69,Medium
39,2022,0.9,0.68,0.7,0.78,0.98,0.85,406,5,0.8,High
26,2021,0.95,0.65,0.64,0.79,0.94,0.39,465,2,0.79,High
19,2021,0.33,0.63,0.58,0.88,0.37,0.66,136,9,0.54,Medium
67,2025,0.96,0.41,0.72,0.61,0.64,0.5,251,1,0.69,Medium
44,2022,0.77,0.87,0.77,0.84,0.44,0.29,441,11,0.77,High
48,2022,0.79,0.95,0.69,0.96,0.94,0.93,55,8,0.85,High
74,2024,0.48,0.42,0.65,0.9,0.33,0.22,365,18,0.55,Medium
83,2025,0.78,0.79,0.71,0.77,0.4,0.51,332,6,0.73,High
20,2022,0.53,0.83,0.54,0.97,0.31,0.96,273,13,0.65,Medium
47,2023,0.31,0.56,0.55,0.86,0.52,0.77,459,2,0.52,Medium
51,2024,0.82,0.72,0.9,0.91,0.45,0.72,444,13,0.79,High
86,2024,0.62,0.61,0.78,0.68,0.9,0.26,153,12,0.69,Medium
50,2025,0.31,0.84,0.54,0.85,0.86,0.13,379,17,0.62,Medium
5,2025,0.98,0.89,0.6,0.67,0.39,0.14,52,11,0.78,High
64,2025,0.82,0.76,0.84,0.61,0.52,0.64,121,5,0.75,High
68,2024,0.9,0.81,0.63,0.88,0.85,0.31,254,8,0.82,High
71,2024,0.54,0.46,0.75,0.91,0.46,0.27,367,0,0.61,Medium
17,2021,0.7,0.96,0.57,0.99,0.96,0.88,316,7,0.81,High
55,2025,0.99,0.51,0.88,0.74,0.42,0.42,196,6,0.75,High
31,2022,0.68,1.0,0.7,0.85,0.56,0.39,363,19,0.78,High
92,2022,0.84,0.45,0.61,0.8,0.31,0.25,350,1,0.64,Medium
32,2025,0.64,0.83,0.93,0.97,0.53,0.14,370,13,0.78,High
73,2024,0.63,0.58,0.71,0.72,0.48,0.59,92,3,0.63,Medium
14,2022,0.48,0.87,0.98,0.88,0.72,0.46,309,9,0.76,High
100,2025,0.83,0.81,0.6,0.8,0.85,0.48,221,15,0.78,High
65,2022,0.59,0.94,0.58,1.0,0.38,0.01,370,15,0.72,High
86,2023,0.85,0.65,0.91,0.87,0.85,0.82,410,18,0.82,High
57,2022,0.33,0.94,0.76,0.89,0.89,0.95,198,13,0.71,High
2,2025,0.41,0.64,0.68,0.82,0.77,0.98,152,8,0.62,Medium
37,2025,0.44,0.95,0.59,0.71,0.66,0.26,337,1,0.66,Medium
77,2021,0.59,0.87,0.87,0.83,0.88,0.56,263,4,0.78,High
48,2023,0.77,0.93,0.9,0.67,0.51,0.72,383,17,0.8,High
27,2024,0.82,0.88,0.98,0.83,0.45,0.86,213,8,0.83,High
47,2023,0.59,0.96,0.67,0.99,0.94,0.63,367,19,0.79,High
96,2021,0.39,0.85,0.74,0.66,0.48,0.95,301,14,0.62,Medium
48,2025,0.91,0.76,0.81,0.81,0.36,0.45,160,0,0.78,High
41,2024,0.88,0.46,0.61,0.6,0.51,0.11,79,12,0.64,Medium
80,2025,0.77,0.52,0.54,0.93,0.36,0.09,361,3,0.64,Medium
54,2022,0.66,0.66,0.76,0.87,0.57,0.25,141,19,0.7,Medium
75,2022,0.81,0.88,0.9,0.99,0.85,0.77,379,1,0.88,High
24,2024,0.7,0.83,0.55,0.9,0.4,0.07,476,1,0.7,Medium
15,2021,0.61,0.51,0.74,0.93,0.97,0.63,329,19,0.7,Medium
39,2024,0.61,0.97,0.8,0.69,0.64,0.68,497,13,0.75,High
35,2021,0.63,0.89,0.56,0.94,0.93,0.95,238,7,0.76,High
39,2024,0.43,0.95,0.88,0.97,0.52,0.94,132,11,0.74,High
68,2021,0.92,0.84,0.96,0.73,0.65,0.01,295,5,0.85,High
21,2022,0.42,0.42,0.95,0.6,0.82,0.15,410,12,0.59,Medium
87,2024,0.76,0.8,0.5,0.99,0.91,0.9,331,18,0.77,High
69,2021,0.84,0.92,0.76,1.0,0.31,0.3,400,7,0.82,High
43,2023,0.38,0.62,0.51,0.86,0.92,0.88,228,4,0.59,Medium
55,2025,0.66,0.48,0.67,0.68,0.87,0.91,438,17,0.64,Medium
55,2025,0.73,0.82,0.73,0.7,0.91,0.74,352,18,0.77,High
45,2025,0.43,0.45,0.67,0.65,0.67,0.63,312,2,0.54,Medium
47,2021,0.94,0.41,0.67,0.89,0.84,0.42,439,13,0.74,High
81,2022,0.34,0.46,0.83,0.72,0.54,0.49,332,13,0.55,Medium
52,2021,0.59,0.56,0.65,0.71,0.67,0.61,377,12,0.62,Medium
23,2021,0.45,0.69,0.67,0.82,0.77,0.63,95,16,0.64,Medium
45,2023,0.5,0.41,0.81,0.7,0.77,0.75,492,7,0.6,Medium
92,2023,0.99,0.81,0.82,0.61,0.9,0.15,243,13,0.84,High
56,2021,0.78,1.0,0.62,0.85,0.62,0.04,309,19,0.8,High
46,2022,0.5,0.95,0.93,0.75,0.35,0.89,227,19,0.72,High
68,2025,0.92,0.54,0.64,0.62,0.86,0.42,301,15,0.72,High
35,2021,0.39,0.67,0.91,0.93,0.59,0.52,297,16,0.66,Medium
52,2021,0.61,0.92,0.73,0.61,0.46,0.48,143,14,0.7,Medium
51,2025,0.68,0.81,0.73,0.78,0.61,0.41,413,16,0.73,High
7,2024,0.4,0.46,0.51,0.77,0.43,0.02,114,3,0.5,Medium
8,2024,0.46,0.96,0.86,0.91,0.44,0.23,484,10,0.73,High
99,2024,0.9,0.66,0.98,0.89,0.75,0.73,302,19,0.84,High
23,2021,0.53,0.47,0.79,0.96,0.85,0.62,278,19,0.66,Medium
33,2025,0.36,0.81,0.86,0.99,0.48,0.02,334,1,0.68,Medium
50,2025,0.59,0.63,0.69,0.84,0.75,0.45,493,12,0.67,Medium
44,2023,0.54,0.65,0.51,0.75,0.49,0.51,156,3,0.59,Medium
19,2021,0.98,0.5,0.89,0.99,0.31,0.7,329,11,0.78,High
98,2024,0.77,0.54,0.95,0.67,0.45,0.27,62,6,0.7,Medium
16,2021,0.8,0.96,0.54,0.98,0.94,0.05,445,9,0.83,High
83,2025,0.8,0.7,0.52,0.83,0.33,0.6,397,15,0.68,Medium
58,2021,0.82,0.8,1.0,0.89,0.41,0.96,255,10,0.82,High
31,2023,0.52,0.81,0.74,0.99,0.91,0.36,455,5,0.75,High
7,2023,0.87,0.48,1.0,0.7,0.81,0.91,477,12,0.77,High
90,2024,0.98,0.57,0.98,0.62,0.8,0.53,275,7,0.81,High
33,2025,0.69,0.55,0.98,0.61,0.44,0.24,395,0,0.68,Medium
32,2021,0.64,0.92,0.86,0.83,0.36,0.69,160,11,0.75,High
25,2022,1.0,0.87,0.64,0.76,0.82,0.97,106,3,0.84,High
64,2021,0.6,0.69,0.96,0.81,0.64,0.58,104,19,0.73,High
78,2021,0.6,0.44,0.89,0.75,0.37,0.63,463,18,0.62,Medium
35,2021,0.3,0.63,0.91,0.75,0.72,0.61,141,0,0.61,Medium
6,2021,0.43,0.48,0.8,0.85,0.34,0.24,164,11,0.57,Medium
2,2021,0.9,0.79,0.72,0.74,0.31,0.83,390,11,0.75,High
96,2025,0.65,0.89,0.74,0.98,0.89,0.33,298,7,0.8,High
24,2021,0.98,0.77,0.7,0.86,0.58,0.82,173,10,0.81,High
82,2021,0.86,0.87,0.62,0.72,0.96,0.83,435,14,0.8,High
36,2023,0.68,0.56,0.74,0.9,0.44,0.29,270,19,0.67,Medium
59,2023,0.89,0.63,0.65,0.96,1.0,0.67,206,1,0.8,High
86,2023,0.65,0.67,0.67,0.88,0.83,0.85,403,7,0.71,High
94,2023,0.48,0.77,0.97,0.62,0.3,0.6,484,12,0.65,Medium
39,2021,0.53,0.57,0.63,0.66,0.71,0.17,240,12,0.6,Medium
37,2025,0.98,0.95,0.58,0.75,0.6,0.36,376,18,0.82,High
34,2022,0.74,0.9,0.84,0.68,0.62,0.91,423,18,0.78,High
27,2024,0.81,0.85,0.63,0.77,0.36,0.61,425,7,0.73,High
42,2024,0.74,0.59,0.62,0.6,0.46,0.14,303,14,0.63,Medium
98,2025,0.62,0.76,0.89,0.69,0.35,0.53,416,8,0.69,Medium
88,2025,0.62,0.71,0.86,0.71,0.39,0.56,112,12,0.68,Medium
73,2021,0.65,0.77,0.77,0.9,0.79,0.53,183,5,0.76,High
68,2023,0.39,0.9,0.93,0.78,0.8,0.87,87,5,0.73,High
15,2022,0.34,0.76,0.71,0.73,0.36,0.56,470,5,0.58,Medium
12,2023,0.35,0.5,0.66,0.73,0.76,0.62,442,18,0.55,Medium
55,2024,0.63,0.48,0.82,0.63,0.56,0.71,338,17,0.62,Medium
20,2023,0.43,0.96,0.76,1.0,0.67,0.54,254,15,0.74,High
32,2022,0.54,0.68,0.6,0.69,0.49,0.45,269,13,0.6,Medium
48,2024,0.43,0.63,0.95,0.6,0.77,0.48,349,16,0.64,Medium
38,2023,0.86,0.48,0.89,0.85,0.59,0.25,439,12,0.74,High
59,2024,0.43,0.81,0.53,0.83,0.45,0.95,242,12,0.61,Medium
50,2022,0.59,0.98,0.51,0.72,0.77,0.89,68,8,0.71,High
37,2023,0.86,0.64,0.61,0.96,0.95,0.5,127,6,0.78,High
90,2024,0.97,0.79,0.92,0.81,0.45,0.52,223,14,0.84,High
79,2025,0.51,0.81,0.92,0.88,0.95,0.72,469,14,0.77,High
43,2021,0.59,0.69,0.63,0.81,0.5,0.69,381,18,0.65,Medium
89,2022,0.99,0.64,0.68,0.73,0.93,0.5,160,19,0.8,High
60,2024,0.68,0.56,0.87,0.93,0.8,0.73,255,1,0.74,High
77,2023,0.4,0.4,0.62,0.88,0.37,0.91,76,16,0.51,Medium
84,2023,0.82,0.66,0.85,0.83,0.97,0.6,108,12,0.8,High
86,2021,0.61,0.58,0.73,0.63,0.86,0.24,365,9,0.65,Medium
2,2022,0.46,0.89,0.94,0.63,0.32,0.74,415,3,0.68,Medium
90,2024,0.61,0.5,0.99,0.64,0.71,0.63,211,2,0.67,Medium
49,2022,0.69,0.57,0.97,0.9,0.98,0.04,255,3,0.78,High
4,2022,0.78,0.54,0.75,0.96,0.79,0.39,460,7,0.74,High
65,2021,0.74,0.62,0.93,0.9,0.73,0.36,484,12,0.77,High
24,2023,0.4,0.7,0.7,0.84,0.33,0.75,361,7,0.59,Medium
83,2024,0.88,0.5,0.76,0.7,0.81,0.32,293,15,0.73,High
65,2021,0.75,0.51,0.88,0.74,0.8,0.05,486,8,0.72,High
64,2025,0.48,0.56,0.82,0.65,0.96,0.22,273,15,0.64,Medium
5,2025,0.3,0.93,0.64,0.87,0.86,0.16,349,9,0.67,Medium
46,2022,0.65,0.95,0.85,0.89,0.36,0.22,133,9,0.77,High
22,2025,0.85,0.6,0.91,0.65,0.42,0.34,367,6,0.73,High
60,2025,0.37,0.61,0.92,0.63,0.96,0.99,403,11,0.64,Medium
80,2023,0.72,0.79,0.88,0.65,0.88,0.71,252,2,0.78,High
95,2025,0.81,0.83,0.83,0.65,0.59,0.11,186,15,0.77,High
26,2021,0.32,0.95,0.93,0.81,0.46,0.12,52,4,0.69,Medium
46,2021,0.7,0.93,0.83,0.79,0.9,0.47,171,16,0.82,High
69,2024,0.39,0.81,0.84,0.99,0.8,0.49,63,4,0.72,High
75,2025,0.5,0.73,0.85,0.65,0.87,0.61,211,16,0.69,Medium
76,2021,0.77,0.66,0.91,0.68,0.44,0.65,105,15,0.72,High
50,2022,0.81,1.0,1.0,0.9,0.82,0.25,158,11,0.91,High
99,2024,0.36,0.66,0.78,0.76,0.45,0.59,100,18,0.59,Medium
68,2021,0.87,0.45,0.93,0.64,0.88,0.36,481,11,0.74,High
33,2021,0.35,0.53,0.56,0.72,0.66,0.59,229,19,0.52,Medium
4,2024,0.59,0.68,0.71,0.94,0.46,0.01,191,7,0.68,Medium
25,2022,0.73,0.72,0.53,0.63,0.75,0.47,51,17,0.67,Medium
31,2024,0.64,0.65,0.55,0.97,0.86,0.23,149,19,0.7,Medium
55,2023,0.45,0.87,0.72,0.68,0.93,0.2,155,3,0.69,Medium
32,2025,0.74,0.8,0.66,0.73,0.54,0.68,355,2,0.72,High
15,2023,1.0,0.5,0.89,0.69,0.36,0.87,397,0,0.74,High
59,2025,0.79,0.73,0.93,0.73,0.67,0.49,176,10,0.78,High
62,2022,0.94,0.46,0.86,0.66,0.57,0.41,469,13,0.72,High
52,2024,0.62,0.74,0.85,0.84,0.92,0.36,144,7,0.76,High
56,2024,0.39,0.74,0.63,0.92,0.35,0.69,320,3,0.6,Medium
7,2023,0.79,0.55,0.78,0.81,0.4,0.59,176,10,0.69,Medium
79,2022,0.75,0.93,0.84,0.74,0.66,0.68,227,14,0.8,High
10,2025,0.95,0.8,0.97,0.76,0.97,0.7,181,19,0.89,High
67,2025,0.32,0.91,0.73,0.64,0.79,0.49,114,6,0.64,Medium
83,2025,0.59,0.45,0.55,0.71,0.74,0.53,285,5,0.58,Medium
59,2022,0.79,0.95,0.86,0.75,0.8,0.04,370,14,0.84,High
32,2021,0.32,0.48,0.83,0.92,0.99,0.35,213,0,0.62,Medium
23,2025,0.56,0.46,0.63,0.71,0.8,0.05,64,17,0.6,Medium
25,2025,0.53,0.71,0.77,0.71,0.94,0.37,267,1,0.69,Medium
14,2024,0.31,0.73,0.87,0.69,0.34,0.16,256,13,0.59,Medium
56,2021,0.57,0.66,0.74,0.91,0.37,0.77,290,12,0.66,Medium
7,2021,0.81,0.68,0.61,0.81,0.97,0.59,118,18,0.75,High
63,2024,0.49,0.92,0.88,0.74,0.81,0.1,116,10,0.75,High
3,2024,0.5,0.79,0.82,0.68,0.32,0.43,490,11,0.65,Medium
13,2024,0.58,0.96,0.97,0.65,0.97,0.37,70,18,0.8,High
21,2023,0.81,0.9,0.7,0.78,0.9,0.78,105,10,0.82,High
3,2022,0.78,0.74,0.58,0.72,0.93,0.69,59,5,0.74,High
23,2024,0.45,0.86,0.51,0.87,0.63,0.35,71,6,0.65,Medium
21,2024,0.82,0.66,0.62,0.85,0.42,0.76,291,12,0.7,Medium
68,2021,0.35,0.75,0.95,0.6,0.65,0.35,191,16,0.64,Medium
85,2023,0.64,0.45,0.92,0.89,0.96,0.69,283,9,0.72,High
95,2023,0.98,0.79,0.52,0.89,0.93,0.8,295,7,0.82,High
24,2023,0.36,0.8,0.64,0.86,0.73,0.15,353,3,0.64,Medium
37,2021,0.43,0.74,0.87,0.91,0.51,0.51,461,12,0.68,Medium
5,2021,0.83,0.94,0.96,0.91,0.46,0.02,65,11,0.86,High
20,2022,0.76,0.43,0.92,0.7,0.6,0.67,473,2,0.68,Medium
17,2025,0.58,0.86,0.96,0.77,0.6,0.7,452,5,0.76,High
29,2022,0.51,0.79,0.92,0.82,0.32,0.46,433,10,0.69,Medium
86,2022,0.77,0.41,0.75,0.84,0.54,0.67,254,5,0.66,Medium
43,2025,0.55,0.62,0.93,0.82,0.8,0.9,297,6,0.71,High
71,2025,0.32,0.63,0.95,0.71,0.49,0.3,364,14,0.6,Medium
36,2024,0.77,0.52,0.97,0.71,0.4,0.09,221,6,0.7,Medium
27,2025,0.61,0.43,0.62,0.91,0.35,0.15,351,19,0.59,Medium
96,2025,0.92,0.52,0.97,0.74,0.61,0.71,199,1,0.77,High
43,2022,0.33,0.41,0.73,0.65,0.77,0.21,181,13,0.52,Medium
32,2024,0.68,0.47,0.51,0.62,0.97,0.14,240,13,0.61,Medium
21,2025,0.63,0.97,0.97,0.91,0.72,0.45,102,16,0.83,High
66,2021,0.71,0.54,0.52,0.98,0.52,0.44,308,16,0.65,Medium
78,2023,0.48,0.81,0.96,0.74,0.65,0.46,467,17,0.71,High
95,2023,0.58,0.64,0.58,0.75,0.91,0.36,178,2,0.65,Medium
12,2021,0.42,0.92,0.7,0.6,0.49,0.6,493,14,0.64,Medium
91,2022,0.84,0.66,0.88,0.75,0.47,0.73,210,13,0.75,High
48,2021,0.54,0.95,0.97,0.7,0.86,0.43,189,19,0.78,High
49,2023,0.63,0.54,0.6,0.77,0.83,0.61,132,0,0.64,Medium
88,2025,0.33,0.89,0.99,0.76,0.31,0.17,144,12,0.66,Medium
22,2024,0.39,0.84,0.63,0.78,0.92,0.97,67,8,0.66,Medium
70,2023,0.89,0.75,0.6,0.83,0.65,0.4,495,3,0.76,High
24,2021,0.77,0.45,0.84,0.83,0.72,0.29,308,14,0.71,High
85,2022,0.48,0.67,0.85,0.63,0.72,0.59,300,3,0.65,Medium
29,2025,0.61,0.6,0.9,0.65,0.97,0.63,497,14,0.71,High
63,2022,0.53,0.94,0.55,0.65,0.51,0.96,258,2,0.65,Medium
71,2021,0.83,0.64,0.91,0.71,0.49,0.52,293,7,0.75,High
14,2024,0.56,0.54,0.73,0.82,0.4,0.56,241,8,0.61,Medium
28,2022,0.95,0.81,0.63,0.86,0.89,0.4,165,2,0.83,High
92,2025,0.88,0.72,0.61,0.76,0.99,0.78,62,16,0.78,High
15,2024,0.57,0.73,0.79,0.67,0.58,0.34,443,12,0.67,Medium
84,2025,0.81,0.81,0.98,0.92,0.4,0.35,79,18,0.82,High
33,2022,0.49,1.0,0.65,0.95,0.77,0.34,487,13,0.75,High
54,2021,0.64,0.7,0.81,0.6,0.95,0.36,462,19,0.71,High
67,2024,0.86,0.96,0.7,0.88,0.66,0.8,355,0,0.84,High
82,2022,0.54,0.55,0.79,0.99,0.44,0.1,119,7,0.65,Medium
45,2022,0.55,0.53,0.68,0.86,0.68,0.74,104,3,0.63,Medium
71,2022,0.35,0.68,0.65,0.85,0.33,0.12,331,16,0.57,Medium
55,2021,0.87,0.81,0.8,0.83,0.9,0.82,121,14,0.84,High
21,2021,0.54,0.47,0.54,0.62,0.38,0.34,434,11,0.52,Medium
55,2025,0.87,0.71,0.86,0.75,0.33,0.9,299,17,0.76,High
62,2024,0.51,0.7,0.75,0.61,0.55,0.74,291,14,0.62,Medium
52,2025,0.85,0.81,0.74,0.96,0.54,0.29,165,3,0.8,High
75,2022,0.41,0.82,0.63,0.97,0.39,0.32,428,1,0.64,Medium
27,2025,0.92,0.78,0.97,0.65,0.36,0.84,465,9,0.8,High
62,2021,0.55,0.53,0.96,0.72,0.58,0.7,136,7,0.66,Medium
33,2021,0.35,0.43,0.56,0.63,0.83,0.49,213,15,0.5,Medium
16,2022,0.5,0.45,0.57,0.88,0.32,0.86,343,12,0.54,Medium
58,2021,0.39,0.89,0.75,0.95,0.92,0.02,152,6,0.72,High
74,2024,0.77,0.57,0.63,0.75,0.65,0.95,142,3,0.68,Medium
50,2025,0.97,1.0,0.69,0.72,0.9,1.0,300,8,0.88,High
46,2025,0.33,0.58,0.85,0.98,0.35,0.03,254,8,0.6,Medium
91,2021,0.99,0.64,0.71,0.67,0.38,0.58,89,1,0.74,High
34,2022,0.44,0.85,0.64,0.93,0.38,0.76,442,6,0.65,Medium
62,2024,0.81,0.5,0.64,0.95,0.92,0.04,78,18,0.73,High
20,2023,0.98,0.73,0.73,0.99,0.69,0.66,399,1,0.84,High
13,2024,0.72,0.44,0.63,0.68,0.31,0.54,211,15,0.59,Medium
75,2021,0.49,0.79,0.57,0.81,0.84,0.16,238,2,0.66,Medium
84,2022,0.31,0.98,0.6,0.93,0.69,0.26,60,1,0.67,Medium
84,2025,0.79,0.94,0.9,0.71,0.92,0.83,382,18,0.85,High
49,2021,0.52,1.0,0.52,0.66,0.92,0.06,465,16,0.7,Medium
68,2024,0.9,0.84,0.61,0.76,0.66,0.81,176,14,0.78,High
6,2022,0.66,0.82,0.56,0.83,0.47,0.43,129,2,0.69,Medium
17,2022,0.34,0.41,0.51,0.6,0.38,0.24,353,18,0.43,Medium
8,2022,0.44,0.43,0.58,0.75,0.45,0.31,290,19,0.51,Medium
92,2024,0.77,0.92,0.94,0.83,0.6,0.64,414,16,0.83,High
17,2024,0.99,0.51,0.74,0.95,0.46,0.48,430,3,0.76,High
17,2021,0.5,0.57,0.83,0.96,0.7,0.53,396,3,0.67,Medium
35,2024,0.98,0.58,0.88,0.77,0.69,0.82,254,7,0.8,High
85,2024,0.7,0.46,0.72,0.83,0.94,0.19,318,4,0.69,Medium
47,2022,0.47,0.55,0.94,0.68,0.85,0.46,451,13,0.65,Medium
74,2022,0.91,0.78,0.92,0.7,0.37,0.62,194,5,0.79,High
79,2021,0.99,0.44,0.95,0.93,0.52,0.97,177,15,0.79,High
32,2025,0.83,0.74,0.56,0.81,0.55,0.79,425,0,0.72,High
89,2022,0.87,0.96,0.89,0.65,0.36,0.02,147,19,0.81,High
16,2023,0.63,0.68,0.52,0.7,0.41,0.89,177,16,0.61,Medium
98,2021,0.38,0.82,0.5,0.79,0.38,0.85,210,0,0.58,Medium
84,2024,0.61,0.79,0.8,0.74,0.61,0.06,186,16,0.71,High
21,2024,0.62,0.69,0.78,0.93,0.78,0.66,278,12,0.73,High
44,2022,0.79,0.85,0.89,0.79,0.6,0.01,253,10,0.81,High
48,2022,0.39,0.47,0.52,0.83,0.47,0.73,407,3,0.51,Medium
94,2025,0.91,0.4,0.51,0.79,0.47,0.69,258,6,0.64,Medium
13,2023,0.43,0.88,0.71,0.64,0.64,0.09,337,0,0.65,Medium
52,2024,0.88,0.6,0.64,0.82,0.81,0.99,142,10,0.75,High
16,2023,0.89,0.91,0.66,0.64,0.79,0.36,396,4,0.8,High
37,2023,0.52,0.52,0.77,0.78,0.91,0.1,226,9,0.65,Medium
49,2021,0.78,0.92,0.69,0.94,0.6,0.4,374,19,0.8,High
29,2025,0.49,0.49,0.5,0.81,0.38,0.39,461,5,0.53,Medium
3,2025,0.59,0.41,0.52,0.87,0.89,0.71,167,15,0.6,Medium
7,2022,0.96,0.59,0.83,0.63,0.47,0.77,244,7,0.74,High
98,2024,0.61,0.99,0.98,0.73,0.92,0.85,186,0,0.83,High
9,2023,0.94,0.95,0.66,0.88,0.77,0.81,252,5,0.86,High
3,2024,0.32,0.63,0.85,0.7,0.97,0.03,477,14,0.63,Medium
37,2023,0.33,0.58,0.89,0.9,0.45,0.2,81,6,0.6,Medium
96,2023,0.62,0.84,0.55,0.76,0.99,0.81,422,14,0.72,High
40,2022,0.67,0.94,0.86,0.8,0.58,0.4,331,5,0.79,High
22,2022,0.45,0.52,0.56,0.68,0.32,0.67,52,17,0.51,Medium
7,2021,0.98,0.44,0.71,0.7,0.63,0.92,165,17,0.71,High
73,2025,0.83,0.75,0.81,0.62,0.45,0.07,141,18,0.74,High
33,2025,0.61,0.55,0.87,0.85,0.84,0.32,84,17,0.71,High
53,2023,0.54,0.6,0.95,0.62,0.55,0.12,451,0,0.65,Medium
14,2022,0.51,0.91,0.88,0.72,0.6,0.19,261,14,0.72,High
100,2021,0.47,0.61,0.88,0.77,0.89,0.88,124,5,0.67,Medium
21,2021,0.98,0.6,0.96,0.71,0.99,0.67,105,1,0.84,High
22,2024,0.52,0.54,0.94,0.93,0.46,0.04,350,0,0.66,Medium
98,2023,0.37,0.75,0.73,0.91,0.45,0.45,394,16,0.63,Medium
72,2021,0.82,0.81,0.71,0.97,0.35,0.8,57,8,0.77,High
28,2022,0.35,0.64,0.58,0.75,0.74,0.55,477,13,0.57,Medium
61,2024,0.73,0.92,0.88,0.82,0.55,0.37,105,15,0.8,High
90,2023,0.78,0.42,0.8,0.79,0.37,0.28,263,18,0.65,Medium
53,2022,0.61,0.89,0.96,0.86,0.87,0.06,182,6,0.81,High
57,2022,0.48,0.43,0.98,0.94,0.94,0.85,470,12,0.68,Medium
90,2023,0.52,0.88,0.57,0.91,0.35,0.01,186,1,0.66,Medium
63,2023,0.46,0.77,0.75,1.0,0.99,0.64,110,13,0.73,High
50,2022,0.78,0.46,0.66,0.63,0.35,0.2,239,2,0.61,Medium
17,2024,0.36,0.73,0.64,0.85,0.98,0.11,487,10,0.64,Medium
60,2024,0.84,0.94,0.67,1.0,0.37,0.05,63,15,0.81,High
25,2021,0.36,0.47,0.52,0.64,0.45,0.97,362,2,0.47,Medium
65,2021,0.84,0.72,0.9,0.84,0.52,0.56,264,11,0.79,High
89,2024,0.74,0.55,0.72,0.9,0.61,0.07,59,17,0.7,Medium
47,2022,0.75,0.74,0.58,0.94,0.97,0.04,439,13,0.76,High
33,2021,0.77,0.63,0.74,1.0,0.45,0.42,216,11,0.73,High
4,2022,0.85,0.6,0.69,0.96,0.58,0.62,145,9,0.75,High
67,2022,0.79,0.7,0.72,0.98,0.44,0.31,463,14,0.75,High
47,2023,0.63,0.99,0.94,0.73,0.6,0.67,427,7,0.79,High
22,2022,0.92,0.91,0.69,0.78,0.31,0.4,123,4,0.79,High
23,2022,0.6,0.98,0.57,0.83,0.44,0.79,143,18,0.71,High
87,2022,0.76,0.43,0.55,0.65,0.36,0.18,164,0,0.58,Medium
63,2022,0.86,0.49,0.83,0.73,0.54,0.66,108,17,0.71,High
33,2023,0.85,0.44,0.6,0.86,0.9,0.25,91,1,0.7,Medium
71,2024,0.58,0.69,0.9,0.79,0.85,0.43,453,19,0.73,High
9,2024,0.41,0.9,0.68,0.71,0.89,0.05,430,2,0.68,Medium
85,2024,0.5,0.95,0.88,0.63,0.8,0.53,385,14,0.74,High
39,2022,0.7,0.7,0.74,0.78,0.44,0.76,77,3,0.69,Medium
20,2021,0.78,0.96,0.83,0.95,0.88,0.36,288,7,0.87,High
81,2025,0.67,0.54,0.87,0.81,0.59,0.27,85,14,0.69,Medium
19,2023,0.7,0.81,0.56,0.65,0.7,0.27,175,11,0.69,Medium
82,2021,0.37,0.47,0.79,0.91,0.56,0.98,158,4,0.58,Medium
89,2025,0.49,0.74,0.72,0.82,0.66,0.86,329,6,0.66,Medium
21,2024,0.6,0.41,0.66,0.75,0.56,0.98,239,5,0.58,Medium
66,2024,0.73,0.95,0.62,0.65,0.3,0.51,317,4,0.71,High
56,2022,0.62,0.87,0.73,0.83,0.85,0.56,213,0,0.76,High
15,2022,0.91,0.98,0.96,0.92,0.75,0.78,247,0,0.92,High
83,2024,0.83,0.67,0.61,0.68,0.9,0.68,295,3,0.73,High
65,2021,0.6,0.43,0.73,0.92,0.57,0.38,179,3,0.63,Medium
20,2023,0.45,0.64,0.53,0.69,0.86,0.8,261,1,0.59,Medium
98,2024,0.99,0.79,0.77,0.91,0.89,0.81,253,15,0.87,High
69,2022,0.56,0.99,0.83,0.98,0.44,0.86,329,18,0.77,High
30,2025,0.41,0.71,0.9,0.77,0.63,0.99,232,3,0.66,Medium
97,2025,0.89,0.79,0.7,0.61,0.71,0.01,399,14,0.77,High
30,2021,0.43,0.79,0.53,0.73,0.4,0.58,294,7,0.58,Medium
45,2024,0.36,0.45,0.71,0.98,0.45,0.26,342,12,0.55,Medium
93,2025,0.78,0.79,0.93,0.79,0.39,0.29,238,19,0.78,High
79,2022,0.67,0.81,0.82,0.95,0.71,0.78,494,0,0.78,High
3,2023,0.57,0.87,0.86,0.62,0.71,0.13,234,16,0.72,High
8,2023,0.65,0.5,0.68,0.64,0.7,0.1,228,4,0.62,Medium
9,2024,0.89,0.94,0.54,0.85,0.78,0.53,318,10,0.82,High
29,2023,0.75,0.63,0.71,0.63,0.32,0.7,97,15,0.65,Medium
60,2021,0.49,0.69,0.74,0.76,0.87,0.45,194,16,0.67,Medium
97,2024,0.91,0.93,0.64,0.61,0.48,0.28,187,16,0.77,High
29,2021,0.39,0.49,0.82,0.89,0.9,0.94,276,3,0.63,Medium
36,2021,0.64,0.76,0.54,0.71,0.53,0.56,133,3,0.65,Medium
43,2024,0.42,0.5,0.92,0.71,0.8,0.57,91,1,0.62,Medium
68,2025,0.34,0.54,0.84,0.63,0.47,0.86,459,11,0.55,Medium
57,2025,0.62,0.57,0.62,0.89,0.31,0.54,357,1,0.62,Medium
67,2025,0.76,0.67,0.67,0.93,0.83,0.32,386,1,0.75,High
38,2021,0.34,0.6,0.88,0.72,0.83,0.75,299,13,0.62,Medium
61,2023,0.82,0.64,0.61,0.81,0.94,0.64,71,13,0.74,High
15,2024,0.8,0.54,0.99,0.82,0.79,0.12,448,12,0.77,High
84,2022,0.5,0.84,0.55,0.9,0.33,0.2,468,10,0.64,Medium
50,2023,0.86,0.67,0.66,0.66,0.42,0.66,464,9,0.7,Medium
81,2023,0.35,0.85,0.86,0.62,0.69,0.08,53,11,0.65,Medium
57,2023,0.81,0.47,0.61,0.73,0.45,0.39,465,1,0.64,Medium
19,2022,0.63,0.54,0.79,0.97,0.82,0.67,55,13,0.71,High
33,2022,0.56,0.73,0.76,0.64,0.53,0.02,384,14,0.65,Medium
97,2024,0.86,0.84,0.9,0.87,0.77,0.67,275,7,0.86,High
1,2025,0.81,0.58,0.77,0.77,0.49,0.97,101,0,0.71,High
7,2021,0.41,0.89,0.79,0.85,0.87,0.34,483,9,0.72,High
69,2025,0.4,0.47,0.81,0.6,0.31,0.39,66,18,0.52,Medium
63,2023,0.62,0.62,0.65,0.67,0.85,0.96,402,12,0.66,Medium
51,2021,0.49,0.63,0.69,0.7,0.6,0.47,150,5,0.61,Medium
54,2023,0.72,0.57,0.8,0.72,0.34,0.0,341,4,0.66,Medium
46,2024,0.6,0.71,0.57,0.82,0.4,0.61,90,14,0.63,Medium
44,2022,0.4,0.88,0.8,0.64,0.96,0.08,414,11,0.69,Medium
52,2023,0.45,0.81,0.98,0.78,0.67,0.24,122,3,0.72,High
15,2023,0.61,0.57,0.97,0.95,0.36,0.52,146,14,0.7,Medium
7,2024,0.39,0.61,0.67,0.83,0.5,0.12,386,17,0.58,Medium
22,2025,0.97,0.71,0.7,0.81,0.85,0.34,348,2,0.82,High
31,2023,0.8,0.93,0.69,0.63,0.97,0.44,498,19,0.8,High
76,2021,0.68,0.52,0.88,0.92,0.69,0.49,435,16,0.72,High
58,2022,0.36,0.85,0.57,0.64,0.69,0.41,461,5,0.6,Medium
92,2023,0.37,0.7,0.94,0.95,0.31,0.89,392,13,0.65,Medium
79,2022,0.89,0.92,0.8,0.83,0.87,0.79,229,15,0.87,High
76,2021,1.0,0.47,0.92,0.8,0.57,0.61,87,5,0.78,High
15,2025,0.91,0.53,0.71,0.98,0.6,0.36,196,19,0.75,High
47,2023,0.53,0.74,0.94,0.92,0.69,0.07,461,4,0.74,High
54,2024,0.42,0.57,0.64,0.87,0.31,0.76,64,11,0.56,Medium
51,2025,0.79,0.75,0.59,0.84,0.32,0.12,157,11,0.7,Medium
7,2022,0.38,0.84,0.78,0.81,0.62,0.98,65,4,0.66,Medium
18,2024,0.34,0.54,0.71,0.89,0.74,0.24,306,8,0.59,Medium
22,2025,0.87,0.59,0.99,0.88,0.34,0.04,180,16,0.77,High
30,2022,0.42,0.44,0.72,0.94,0.35,0.36,243,14,0.56,Medium
52,2024,0.84,0.73,0.92,0.64,0.94,0.93,68,9,0.81,High
4,2024,0.56,0.43,0.99,0.61,0.96,0.37,299,15,0.66,Medium
67,2023,0.73,1.0,0.87,0.69,0.89,0.41,285,8,0.84,High
19,2024,0.98,0.75,0.93,0.98,0.77,0.55,135,11,0.89,High
82,2022,0.43,0.55,0.65,0.74,0.59,0.1,400,6,0.57,Medium
17,2023,0.68,0.67,0.82,0.93,0.6,0.64,369,7,0.74,High
5,2024,0.75,0.51,0.78,0.99,0.66,0.93,428,2,0.72,High
54,2022,0.56,0.82,0.69,0.7,0.7,0.42,331,12,0.69,Medium
36,2021,0.55,0.76,0.8,0.82,0.94,0.67,425,16,0.73,High
88,2022,0.68,0.97,0.81,0.93,0.76,0.84,357,6,0.82,High
76,2022,0.42,0.69,0.85,0.69,0.3,0.34,142,5,0.6,Medium
49,2024,0.48,0.99,0.93,0.92,0.39,0.76,478,7,0.75,High
24,2025,0.62,0.52,0.65,0.68,0.84,0.71,219,0,0.63,Medium
63,2023,0.86,0.97,0.52,0.62,0.54,0.09,114,15,0.75,High
10,2025,0.7,0.52,0.83,0.87,0.95,0.15,404,1,0.73,High
79,2021,0.65,0.62,0.59,0.95,0.58,0.92,70,7,0.67,Medium
94,2022,0.59,0.79,1.0,0.98,0.3,0.89,158,7,0.75,High
13,2021,0.54,0.97,0.85,0.82,0.66,0.16,136,15,0.76,High
88,2023,0.33,0.4,0.68,0.7,0.34,0.18,297,5,0.47,Medium
52,2024,0.79,0.58,0.88,0.68,0.68,0.8,416,1,0.73,High
92,2022,0.78,0.72,0.72,0.75,0.89,0.22,489,4,0.76,High
35,2023,0.69,0.98,0.59,0.74,0.7,0.87,286,4,0.75,High
93,2021,0.95,0.97,0.98,0.94,0.55,0.07,221,5,0.92,High
65,2021,0.52,0.98,0.58,0.9,0.55,0.58,293,5,0.71,High
63,2021,0.65,0.54,0.77,0.69,0.76,0.9,389,8,0.66,Medium
41,2024,0.36,0.69,0.6,0.68,0.96,0.76,321,7,0.6,Medium
10,2022,0.91,0.4,0.69,0.71,0.7,0.25,451,19,0.69,Medium
6,2025,0.6,0.9,0.51,0.87,0.95,0.24,462,3,0.73,High
50,2024,0.97,0.54,0.55,0.66,0.79,0.73,172,6,0.71,High
54,2025,0.42,0.75,0.74,0.89,0.61,0.34,416,17,0.66,Medium
38,2024,0.89,0.43,0.97,0.65,0.32,0.41,356,7,0.7,Medium
98,2021,0.5,0.55,0.84,0.67,0.68,0.99,399,17,0.62,Medium
88,2021,0.4,0.65,0.93,0.97,0.72,0.14,431,5,0.69,Medium
77,2021,0.73,0.54,0.78,0.98,0.92,0.4,292,0,0.75,High
86,2022,0.67,0.47,0.77,0.6,0.53,0.22,418,15,0.62,Medium
42,2025,0.7,0.79,0.84,0.95,0.46,0.26,53,1,0.76,High
93,2023,0.31,0.48,0.84,0.9,0.38,0.23,395,18,0.55,Medium
2,2021,0.64,0.93,0.78,0.87,0.54,0.57,491,3,0.77,High
42,2023,0.7,0.55,0.83,0.93,0.62,0.68,196,7,0.72,High
17,2021,0.59,0.85,0.93,0.72,0.57,0.36,378,5,0.74,High
40,2021,0.87,0.99,0.91,0.82,0.51,0.2,405,17,0.86,High
78,2022,0.48,0.92,0.82,0.61,0.81,0.04,184,17,0.71,High
56,2023,0.51,0.55,0.69,0.74,0.56,0.32,382,15,0.6,Medium
48,2025,0.71,0.72,0.89,0.82,0.9,0.23,450,1,0.78,High
70,2025,0.96,0.6,0.76,0.86,0.36,0.49,66,12,0.76,High
52,2024,0.43,0.78,0.59,0.63,0.53,0.23,210,11,0.59,Medium
76,2023,0.69,0.86,0.69,0.89,0.59,0.28,77,3,0.75,High
36,2021,0.49,0.61,0.82,0.95,0.43,0.84,331,13,0.65,Medium
36,2025,0.79,0.52,0.54,0.89,0.66,0.7,218,18,0.67,Medium
47,2025,0.45,0.9,0.84,0.95,0.86,0.35,435,14,0.76,High
46,2021,0.69,0.52,0.95,0.71,0.59,0.2,350,7,0.69,Medium
22,2021,0.58,0.84,0.6,0.75,0.31,0.76,408,17,0.65,Medium
78,2022,0.86,0.79,0.5,0.7,0.65,0.62,67,6,0.73,High
70,2023,0.38,0.99,0.64,0.99,0.43,0.36,383,14,0.68,Medium
24,2021,0.45,0.67,0.53,0.72,0.67,0.47,464,6,0.58,Medium
74,2021,0.32,0.46,0.84,0.77,0.91,0.69,353,18,0.59,Medium
70,2023,0.85,0.99,0.77,0.87,0.47,0.44,120,13,0.83,High
50,2021,0.61,0.83,0.69,0.97,0.37,0.37,177,2,0.71,High
66,2021,0.41,0.43,0.56,0.97,0.69,0.8,167,6,0.56,Medium
44,2022,0.9,0.52,0.58,0.68,0.66,0.12,68,8,0.68,Medium
26,2024,0.49,0.65,0.62,0.65,0.9,0.56,149,18,0.62,Medium
100,2023,0.34,0.59,1.0,0.77,0.39,0.97,422,6,0.6,Medium
30,2025,0.91,0.63,0.69,0.71,0.33,0.27,257,1,0.71,High
1,2021,0.45,0.81,0.79,0.82,0.9,0.1,105,4,0.71,High
17,2024,0.87,0.53,0.9,0.76,0.43,0.76,205,9,0.73,High
84,2021,0.55,0.76,0.78,0.76,0.6,0.23,233,19,0.68,Medium
38,2023,0.58,0.83,0.81,0.71,0.76,0.66,381,7,0.73,High
67,2022,0.98,0.8,0.58,0.65,0.44,0.77,51,0,0.75,High
20,2022,0.93,0.5,0.51,0.96,0.88,0.97,392,0,0.74,High
41,2024,0.59,0.73,0.62,0.62,0.96,0.19,441,5,0.67,Medium
81,2023,0.31,0.49,0.69,0.87,0.46,0.42,193,12,0.53,Medium
59,2022,0.39,0.69,0.87,0.64,0.6,0.02,487,6,0.62,Medium
49,2023,0.9,0.75,0.94,0.92,0.77,0.61,89,15,0.86,High
76,2021,0.38,0.49,0.83,0.86,0.89,0.75,251,10,0.62,Medium
90,2025,0.78,0.71,0.74,0.86,0.69,0.64,301,1,0.76,High
80,2023,0.66,0.81,0.72,0.7,0.3,0.56,122,3,0.68,Medium
29,2024,0.58,0.52,0.54,0.91,0.47,0.61,255,9,0.6,Medium
42,2022,0.91,0.67,0.64,0.96,0.9,0.16,440,8,0.8,High
3,2021,0.86,0.77,0.56,0.85,0.34,0.89,179,10,0.72,High
81,2022,0.89,0.71,0.89,0.67,0.7,0.98,160,7,0.79,High
26,2021,0.61,0.62,1.0,0.83,0.63,0.5,431,16,0.73,High
5,2025,0.39,0.97,0.86,0.9,0.65,0.47,112,1,0.73,High
79,2021,0.65,0.96,0.5,0.96,0.52,0.31,108,5,0.73,High
64,2023,0.85,0.59,0.54,0.79,0.82,0.22,487,3,0.71,High
100,2025,0.97,0.99,0.9,0.68,0.45,0.34,110,13,0.87,High
51,2023,0.44,0.48,0.71,0.65,0.59,0.15,476,1,0.55,Medium
23,2025,0.68,0.81,0.97,0.86,0.55,0.45,446,10,0.78,High
82,2022,0.49,0.55,0.62,0.68,0.7,0.33,434,18,0.58,Medium
16,2022,0.63,0.41,0.74,0.62,0.98,0.79,55,4,0.63,Medium
40,2025,0.8,0.63,0.77,0.96,0.48,0.24,412,17,0.74,High
77,2021,0.38,0.82,0.6,0.97,0.45,0.26,195,17,0.63,Medium
46,2021,0.87,0.87,0.96,0.9,0.34,0.84,202,19,0.84,High
57,2022,0.39,0.77,0.6,0.71,0.82,0.98,339,2,0.62,Medium
25,2024,0.86,0.48,0.7,0.71,0.5,0.12,225,2,0.67,Medium
66,2023,0.42,0.75,0.63,0.7,0.64,0.65,352,3,0.61,Medium
9,2024,0.98,0.64,0.8,0.7,0.64,0.07,167,3,0.78,High
31,2021,0.66,0.74,0.84,0.77,0.38,0.1,465,18,0.7,Medium
88,2021,0.32,0.99,0.99,0.75,0.32,0.73,246,7,0.69,Medium
85,2023,0.4,0.48,0.79,0.99,0.37,0.29,402,19,0.58,Medium
33,2023,0.66,0.71,0.91,0.9,0.94,0.83,172,7,0.79,High
13,2025,0.86,0.55,0.81,0.78,0.85,0.31,178,5,0.76,High
53,2024,0.66,0.61,0.84,0.98,0.64,0.47,205,7,0.73,High
5,2022,0.94,0.8,0.51,0.68,0.78,0.76,418,15,0.76,High
36,2022,0.83,0.43,0.69,0.71,0.57,0.16,270,17,0.66,Medium
69,2025,0.79,0.67,0.76,0.81,0.78,0.05,114,12,0.76,High
49,2023,0.67,0.86,0.67,0.75,0.95,0.21,199,10,0.76,High
34,2021,0.82,0.78,0.71,0.99,0.81,0.06,208,5,0.81,High
14,2022,0.76,0.53,0.85,0.72,0.91,0.34,369,3,0.73,High
16,2021,0.9,0.49,0.64,0.64,0.45,0.24,127,12,0.66,Medium
32,2022,0.67,0.94,1.0,0.9,0.98,0.79,270,7,0.87,High
33,2021,0.82,0.6,0.68,0.8,0.55,0.78,139,7,0.71,High
52,2024,0.61,0.53,0.83,0.87,0.78,0.03,468,1,0.69,Medium
63,2024,0.83,0.79,0.7,0.84,0.33,0.76,144,9,0.75,High
88,2025,0.48,0.57,0.98,0.75,0.31,0.28,255,0,0.63,Medium
77,2023,0.32,0.52,0.63,0.63,0.55,0.03,291,9,0.5,Medium
8,2024,0.94,0.7,0.63,0.84,0.44,0.07,176,12,0.75,High
76,2023,0.99,0.96,0.87,0.88,0.54,0.1,328,13,0.9,High
11,2022,0.4,0.89,0.64,0.74,0.45,0.59,110,9,0.63,Medium
23,2021,0.62,0.76,0.74,0.8,0.35,0.19,106,15,0.68,Medium
1,2021,0.5,0.65,0.76,0.65,0.32,0.15,202,8,0.59,Medium
67,2024,0.35,0.52,0.96,0.61,0.76,0.38,350,0,0.59,Medium
33,2025,0.69,0.68,0.83,0.66,0.89,0.15,109,18,0.73,High
7,2025,0.92,0.98,0.66,0.92,0.45,0.55,349,1,0.84,High
79,2025,0.3,0.88,0.67,0.73,0.57,0.63,79,7,0.61,Medium
65,2023,0.45,0.51,0.73,0.9,0.5,0.02,402,4,0.59,Medium
92,2021,0.59,0.98,0.85,0.89,0.69,0.97,498,8,0.79,High
92,2022,0.79,0.84,0.65,0.72,0.85,0.3,310,17,0.77,High
3,2022,0.87,0.47,0.91,0.84,0.43,0.54,66,18,0.73,High
45,2022,0.34,0.99,0.52,0.86,0.56,0.65,149,3,0.64,Medium
40,2022,0.62,0.53,0.75,0.9,0.66,0.29,450,7,0.67,Medium
98,2022,0.38,0.62,0.58,0.7,0.41,0.89,245,17,0.53,Medium
6,2022,0.46,0.71,0.76,0.84,0.34,0.97,105,8,0.63,Medium
56,2023,0.91,0.65,0.58,0.9,0.88,0.88,403,9,0.77,High
63,2023,0.79,0.8,0.69,0.87,0.93,0.33,370,10,0.8,High
57,2022,0.54,0.48,0.56,0.93,0.94,0.78,250,11,0.63,Medium
90,2025,0.66,0.9,0.52,1.0,0.72,0.98,426,9,0.75,High
94,2024,0.62,0.98,0.65,0.85,0.59,0.06,331,3,0.75,High
43,2023,0.36,0.79,0.81,0.69,0.68,0.22,400,16,0.64,Medium
12,2022,0.55,0.55,0.63,0.76,0.79,0.04,387,10,0.62,Medium
28,2021,0.91,0.63,0.56,0.63,0.41,0.25,233,16,0.68,Medium
61,2024,0.89,0.99,0.82,0.95,0.72,0.69,162,8,0.89,High
22,2023,0.7,0.76,0.66,0.74,0.83,0.58,469,9,0.73,High
59,2025,0.63,0.53,0.97,0.95,0.47,0.1,245,12,0.7,Medium
19,2022,1.0,0.46,0.93,0.79,0.88,0.82,473,11,0.81,High
70,2024,0.49,0.9,0.55,0.64,0.93,0.54,98,15,0.67,Medium
87,2023,0.96,0.44,0.95,0.72,0.65,0.42,430,11,0.76,High
71,2021,0.44,0.52,0.59,0.8,0.86,0.57,164,6,0.59,Medium
1,2021,0.77,0.67,0.84,0.63,0.9,0.78,496,2,0.75,High
23,2022,0.43,0.44,0.61,0.81,0.79,0.77,358,18,0.56,Medium
57,2022,0.43,0.69,0.83,0.66,0.43,0.2,274,11,0.61,Medium
9,2025,0.69,0.72,0.86,0.61,0.78,0.93,165,9,0.73,High
24,2025,0.4,0.41,0.81,0.83,0.99,0.89,225,12,0.61,Medium
24,2022,0.4,0.48,0.56,0.7,0.51,0.96,232,5,0.51,Medium
33,2024,0.56,0.67,0.66,0.67,0.4,0.95,277,9,0.61,Medium
52,2022,0.6,0.51,0.68,0.65,0.62,0.27,348,18,0.6,Medium
40,2021,0.48,0.75,0.72,0.61,0.33,0.83,482,15,0.6,Medium
36,2022,0.35,0.68,0.99,0.91,0.97,0.78,495,4,0.71,High
96,2023,0.83,0.71,0.96,0.93,0.89,0.67,453,4,0.85,High
73,2021,0.76,0.73,0.6,0.74,0.72,0.92,250,16,0.71,High
30,2021,0.81,0.87,0.9,0.83,0.31,0.76,158,2,0.8,High
24,2025,0.99,0.55,0.82,0.72,0.93,0.59,171,10,0.8,High
43,2022,0.39,0.45,0.84,0.76,0.81,0.11,78,15,0.59,Medium
51,2021,0.36,0.9,0.82,0.82,0.39,0.29,411,13,0.66,Medium
90,2025,0.43,0.41,0.67,0.79,0.43,0.49,115,6,0.53,Medium
76,2023,0.74,0.43,0.59,0.77,0.55,0.39,245,17,0.62,Medium
51,2025,0.47,0.9,0.73,0.71,0.99,0.82,233,6,0.72,High
19,2021,0.42,0.68,0.99,0.75,0.56,0.2,442,19,0.66,Medium
82,2025,1.0,0.62,0.53,0.94,1.0,0.82,182,14,0.8,High
22,2021,0.77,0.43,0.77,0.81,0.78,0.08,51,14,0.69,Medium
37,2024,0.45,0.45,0.78,0.61,0.59,0.07,156,8,0.55,Medium
57,2021,0.37,0.54,0.59,0.74,0.46,0.24,396,8,0.52,Medium
69,2025,0.77,0.97,0.82,0.9,0.83,0.33,454,0,0.86,High
3,2021,0.78,0.94,0.98,0.61,0.99,0.32,226,10,0.86,High
41,2022,0.56,0.92,0.61,0.66,0.94,0.94,199,4,0.71,High
11,2024,0.45,0.7,0.67,0.76,0.55,0.83,188,19,0.61,Medium
85,2021,0.34,0.69,0.89,0.66,0.73,0.24,86,8,0.62,Medium
45,2025,0.76,0.57,0.74,0.94,0.53,0.53,95,5,0.71,High
8,2023,0.52,0.48,0.88,0.94,0.48,0.41,423,15,0.64,Medium
87,2021,0.62,0.91,0.88,0.84,0.54,0.19,259,11,0.77,High
35,2021,0.84,0.65,0.59,0.98,0.67,0.85,305,7,0.75,High
63,2021,0.4,0.53,0.74,0.62,0.62,0.42,263,3,0.56,Medium
17,2023,0.99,0.51,0.8,0.64,0.81,0.99,424,10,0.76,High
99,2024,0.96,0.99,0.7,1.0,0.41,0.25,257,8,0.87,High
95,2021,0.84,0.91,0.89,0.85,0.66,0.71,281,9,0.85,High
75,2022,0.89,0.53,0.68,0.61,0.98,0.07,239,2,0.73,High
60,2025,0.56,0.93,0.73,0.81,0.53,0.28,345,16,0.72,High
32,2024,0.77,0.74,0.66,0.81,0.47,0.86,415,10,0.72,High
92,2021,0.67,0.86,0.88,0.85,0.85,0.33,470,6,0.8,High
90,2025,0.88,0.73,0.61,0.82,0.56,0.7,345,12,0.75,High
37,2023,0.78,0.53,0.99,0.94,0.85,0.33,168,5,0.79,High
74,2023,0.44,0.95,0.93,0.68,0.91,0.21,302,0,0.75,High
80,2025,0.43,0.86,0.7,0.95,0.67,0.02,306,10,0.69,Medium
88,2022,0.85,0.5,0.67,0.9,0.97,0.37,228,13,0.75,High
19,2024,0.76,0.52,0.65,0.65,0.57,0.2,273,7,0.64,Medium
76,2022,0.71,0.62,0.68,0.87,0.57,0.26,252,11,0.69,Medium
67,2023,0.34,0.73,0.65,0.81,0.39,0.93,81,10,0.58,Medium
98,2025,0.73,0.46,0.68,0.7,0.94,0.85,351,9,0.67,Medium
23,2022,0.67,0.73,0.55,0.99,0.7,0.15,184,13,0.71,High
69,2022,0.37,0.66,0.67,0.86,0.95,0.25,172,7,0.63,Medium
55,2023,0.37,0.99,0.62,0.68,0.67,0.54,448,3,0.65,Medium
70,2025,0.73,0.83,0.51,0.83,0.92,0.02,485,4,0.74,High
83,2023,0.62,0.99,0.6,0.63,0.9,0.87,368,6,0.74,High
28,2021,0.82,0.56,0.51,0.79,0.9,0.9,420,4,0.7,Medium
97,2021,0.71,0.67,0.89,0.9,0.68,0.09,246,8,0.76,High
77,2024,0.74,0.8,0.61,0.93,0.5,0.19,72,4,0.73,High
6,2023,0.96,0.48,0.54,0.82,0.5,0.83,478,15,0.69,Medium
88,2024,0.37,0.48,0.53,1.0,0.57,0.91,473,15,0.54,Medium
50,2023,0.45,0.7,0.91,0.93,0.86,0.82,111,19,0.72,High
26,2022,0.92,0.58,0.97,0.78,0.77,0.27,453,10,0.81,High
95,2022,0.82,0.74,0.94,0.87,0.75,0.25,182,1,0.82,High
97,2025,0.56,0.99,0.8,0.76,0.88,0.73,99,8,0.78,High
72,2023,0.9,0.7,0.84,0.84,0.89,0.28,327,12,0.83,High
48,2025,0.78,0.84,0.52,0.87,0.59,0.12,493,7,0.74,High
81,2025,0.48,0.47,0.94,0.68,0.88,0.41,379,11,0.64,Medium
97,2021,0.44,0.75,0.73,0.77,0.92,0.44,209,11,0.67,Medium
99,2024,0.94,0.81,0.73,0.64,0.85,0.08,449,11,0.81,High
74,2022,0.41,0.4,0.71,0.65,0.41,0.08,92,7,0.5,Medium
64,2022,0.5,0.73,0.64,0.82,0.38,0.94,120,6,0.62,Medium
29,2022,0.85,0.55,0.83,0.73,0.66,0.67,295,14,0.73,High
37,2024,0.49,0.96,0.73,0.65,0.6,0.13,202,13,0.69,Medium
78,2022,0.95,0.79,0.96,0.93,0.78,0.36,53,18,0.89,High
55,2021,0.97,0.83,0.94,0.97,0.66,0.63,216,12,0.9,High
36,2021,0.6,0.8,0.71,0.95,0.53,0.13,407,11,0.72,High
78,2022,0.65,0.86,0.94,0.64,0.57,0.78,264,2,0.75,High
33,2023,0.89,0.55,0.94,0.9,0.81,0.35,333,1,0.81,High
90,2025,0.9,0.62,0.57,0.73,0.62,0.53,207,10,0.71,High
68,2021,0.89,0.5,0.66,0.96,0.69,0.58,180,7,0.74,High
28,2023,0.44,0.73,1.0,0.83,0.33,0.8,329,12,0.67,Medium
16,2025,0.94,0.67,0.87,0.82,0.48,0.67,498,4,0.79,High
49,2021,0.72,0.99,0.63,0.62,0.32,0.71,482,10,0.71,High
23,2021,0.78,0.56,0.92,0.63,0.84,0.1,89,0,0.74,High
42,2024,0.64,0.62,0.82,0.98,0.33,0.92,152,0,0.69,Medium
8,2021,0.63,0.92,0.71,0.81,0.31,0.16,366,2,0.71,High
86,2023,0.71,0.49,0.72,0.74,0.65,0.87,292,18,0.66,Medium
46,2023,0.63,0.85,0.57,0.87,0.47,0.44,50,5,0.69,Medium
7,2025,0.47,0.46,0.85,0.61,0.73,0.14,245,11,0.59,Medium
80,2022,0.67,0.43,0.67,0.63,0.58,0.67,175,7,0.6,Medium
88,2024,0.38,0.55,0.55,0.92,0.39,0.6,67,2,0.54,Medium
6,2022,0.58,0.76,0.75,0.72,0.69,0.67,305,14,0.69,Medium
45,2021,0.41,0.89,0.61,0.81,0.39,0.47,162,5,0.63,Medium
11,2022,0.64,0.68,0.63,0.97,0.59,0.86,422,8,0.69,Medium
85,2025,0.59,0.47,0.72,0.74,0.46,0.64,411,2,0.6,Medium
33,2021,0.99,0.95,0.51,0.91,0.38,0.03,273,10,0.81,High
14,2023,0.85,0.47,0.56,0.97,0.36,0.69,66,4,0.67,Medium
12,2022,0.56,0.45,0.8,0.86,0.56,0.74,346,14,0.63,Medium
14,2021,0.58,0.66,0.98,0.87,0.52,0.73,385,1,0.72,High
45,2022,0.63,0.85,0.69,0.95,0.57,0.35,213,3,0.74,High
56,2022,0.8,0.6,0.64,0.81,0.36,0.12,478,18,0.68,Medium
7,2024,0.49,0.53,0.54,0.66,0.84,0.72,436,10,0.57,Medium
22,2025,0.85,0.93,0.78,0.74,0.72,0.09,231,3,0.83,High
50,2023,0.43,0.69,0.7,0.92,0.83,0.13,394,11,0.66,Medium
93,2023,0.67,0.91,0.53,0.81,0.68,0.86,80,3,0.72,High
10,2022,0.88,0.78,0.7,0.99,0.63,0.97,389,13,0.81,High
86,2025,0.68,0.65,0.76,0.82,0.57,1.0,57,2,0.7,Medium
42,2025,0.7,0.66,0.51,1.0,0.68,0.47,64,13,0.7,Medium
39,2025,0.87,0.56,0.9,0.71,0.32,0.52,264,12,0.72,High
97,2025,0.75,0.95,0.89,0.67,0.86,0.64,96,4,0.83,High
62,2024,0.7,0.68,0.82,0.72,0.43,0.62,205,18,0.7,Medium
42,2024,0.73,0.62,0.88,0.75,0.64,0.41,277,8,0.73,High
10,2025,0.96,0.91,0.96,0.78,0.68,0.74,178,8,0.89,High
56,2021,0.75,0.64,0.95,0.94,0.47,0.69,229,13,0.76,High
69,2025,0.54,0.9,0.66,0.85,0.99,0.88,453,4,0.75,High
36,2025,0.54,0.66,0.67,0.73,0.68,0.19,367,10,0.64,Medium
81,2024,0.89,0.41,0.62,0.9,0.71,0.78,85,9,0.7,Medium
36,2023,0.46,0.73,0.82,0.67,0.98,0.49,74,16,0.68,Medium
53,2021,0.94,0.68,0.66,0.91,0.31,0.43,398,11,0.75,High
55,2022,0.58,0.56,0.5,0.89,0.88,0.4,249,9,0.64,Medium
51,2023,0.74,0.41,0.74,0.86,0.94,0.38,375,5,0.7,Medium
97,2024,0.95,0.64,0.66,0.95,0.33,0.14,303,0,0.75,High
72,2023,0.31,0.92,0.73,0.6,0.58,0.19,281,15,0.62,Medium
94,2025,0.33,0.79,0.92,0.89,0.88,0.2,282,0,0.7,Medium
28,2021,0.8,0.75,0.95,0.93,0.8,0.03,225,4,0.84,High
21,2021,0.67,0.59,0.57,0.82,0.5,0.23,123,8,0.64,Medium
45,2023,0.78,0.77,0.58,0.94,0.44,0.93,210,6,0.73,High
15,2022,0.42,0.72,0.68,0.65,0.33,0.56,143,7,0.57,Medium
88,2023,0.54,0.43,0.7,0.65,0.54,0.79,355,12,0.56,Medium
39,2024,0.73,0.5,0.54,0.87,0.94,0.46,354,2,0.68,Medium
87,2025,0.81,0.67,0.53,0.92,0.32,0.7,106,13,0.69,Medium
52,2024,0.79,0.9,0.52,0.73,0.97,0.95,389,1,0.77,High
27,2022,0.64,0.74,0.58,0.96,0.46,0.19,272,9,0.68,Medium
4,2024,0.42,0.89,0.68,0.72,0.88,0.64,232,17,0.68,Medium
65,2021,0.94,0.87,0.78,0.63,0.76,0.53,418,1,0.83,High
51,2024,0.54,0.63,0.84,0.8,0.36,0.39,168,1,0.64,Medium
8,2022,0.43,0.6,0.77,0.97,0.68,0.71,101,11,0.65,Medium
62,2025,0.87,0.64,0.51,0.62,0.9,0.96,106,18,0.71,High
67,2022,0.56,0.79,0.62,0.82,0.85,0.87,137,14,0.7,Medium
9,2024,0.63,0.45,0.53,0.75,0.62,0.61,58,8,0.58,Medium
60,2023,0.34,0.94,0.9,0.69,0.57,0.27,173,5,0.68,Medium
47,2024,0.85,0.67,0.6,0.68,0.41,0.55,312,5,0.69,Medium
22,2022,0.59,0.58,0.52,0.9,0.82,0.67,314,1,0.64,Medium
80,2022,0.64,0.58,0.55,0.63,0.54,0.8,270,16,0.6,Medium
68,2025,0.94,0.94,0.76,0.69,0.86,0.21,103,13,0.86,High
10,2024,0.43,0.97,0.87,0.89,0.35,0.9,52,2,0.71,High
13,2022,0.97,0.46,0.74,0.62,0.65,0.25,346,5,0.71,High
33,2025,0.74,0.92,0.99,0.8,0.62,0.08,59,11,0.83,High
2,2023,0.57,0.4,0.81,0.77,0.39,0.3,179,15,0.59,Medium
27,2022,0.62,0.88,0.56,0.63,0.33,0.54,489,17,0.65,Medium
95,2025,0.78,0.73,0.78,0.89,0.49,0.35,119,17,0.76,High
49,2024,0.68,0.82,1.0,0.77,0.6,0.84,483,2,0.78,High
99,2025,0.63,0.83,0.67,0.85,0.65,0.37,234,4,0.72,High
83,2025,0.44,0.92,0.63,0.85,0.42,0.4,497,15,0.66,Medium
4,2021,0.44,0.65,0.77,0.83,0.72,0.64,102,11,0.64,Medium
25,2023,0.33,0.86,0.92,0.68,0.44,0.04,296,3,0.64,Medium
93,2021,0.56,0.58,0.55,0.8,0.57,0.69,133,15,0.6,Medium
66,2021,0.73,0.43,0.81,0.87,0.44,0.82,58,4,0.66,Medium
24,2023,0.51,0.57,0.93,0.6,0.44,0.59,444,5,0.62,Medium
70,2025,0.95,0.47,0.62,0.96,0.42,0.68,125,5,0.71,High
11,2023,0.72,0.47,0.77,0.6,0.65,0.7,169,0,0.64,Medium
58,2022,0.6,0.65,0.52,0.84,0.68,0.08,122,14,0.64,Medium
85,2024,0.9,0.4,0.94,0.61,0.83,0.36,211,10,0.73,High
10,2023,0.84,0.44,0.96,0.62,0.64,0.72,288,13,0.71,High
36,2022,0.43,0.62,0.69,0.79,0.72,0.57,350,17,0.61,Medium
64,2022,0.6,0.64,0.86,0.97,0.77,0.47,206,8,0.73,High
20,2023,0.37,0.42,0.73,0.93,0.52,0.38,154,2,0.55,Medium
36,2021,0.76,0.67,0.94,0.88,0.54,0.88,450,15,0.77,High
84,2023,0.76,0.85,0.73,0.63,0.84,0.05,298,8,0.76,High
3,2022,0.46,0.74,0.97,0.8,0.38,0.63,332,14,0.68,Medium
96,2024,0.53,0.87,0.67,0.7,0.92,0.55,234,19,0.71,High
58,2023,0.78,0.53,0.81,0.95,0.79,0.24,197,16,0.75,High
74,2021,0.7,0.67,0.72,0.64,0.4,0.82,74,11,0.66,Medium
18,2025,0.73,0.83,0.69,0.87,0.8,0.94,332,9,0.78,High
83,2021,0.91,0.88,0.79,0.63,0.49,0.3,469,4,0.79,High
39,2025,0.42,0.92,0.75,0.7,0.78,0.89,464,16,0.69,Medium
87,2025,0.83,0.44,0.61,0.79,0.72,0.34,282,2,0.67,Medium
10,2021,0.4,0.67,0.59,0.86,0.41,0.9,373,1,0.58,Medium
